Date,Line Number,Station Number,Station,Ride Type,Before 6AM,06AM-07AM,07AM - 08AM,08AM - 09AM,09AM-10AM,10AM-11AM,11AM-12PM,12PM-13PM,13PM-14PM,14PM-15PM,15PM-16PM,16PM-17PM,17PM-18PM,18PM-19PM,19PM-20PM,20PM-21PM,21PM-22PM,22PM-23PM,23PM-24AM,After 24AM
2023.12.31,1,150,Seoul Station,boarding,167,197,322,715,1164,1968,2270,2817,2988,2191,3357,2725,3253,3044,2876,2150,2433,1818,915,364
2023.12.31,1,150,Seoul Station,alighting,177,902,1309,1488,2428,2163,2284,2858,2723,2679,2699,2580,2648,2281,2006,1669,1542,1010,416,2581
2023.12.31,1,151,City Hall,boarding,53,92,148,211,283,398,569,663,745,983,1038,1286,1417,1597,1550,1633,1388,1089,494,4761
2023.12.31,1,151,City Hall,alighting,74,256,313,610,753,902,1179,1172,1247,1284,1377,1417,1363,1235,925,904,903,964,1801,802
2023.12.31,1,152,Jonggak,boarding,229,156,163,216,284,415,581,791,946,1254,1590,1919,1899,2496,2554,2601,2483,2346,5,2166
2023.12.31,1,152,Jonggak,alighting,60,228,290,508,802,1006,1448,1766,1605,1781,1849,1939,2303,2491,2073,2289,2920,4106,373,270
2023.12.31,1,153,Jongno 3(sam)ga,boarding,221,163,138,242,396,501,773,1127,1184,1329,1649,1943,2116,1800,1530,1494,1362,1153,938,6480
2023.12.31,1,153,Jongno 3(sam)ga,alighting,49,157,172,289,552,994,1442,1845,2005,1795,1622,1345,1314,1209,891,884,794,799,2761,877
2023.12.31,1,154,Jongno 5(o)ga,boarding,64,49,111,167,299,512,854,1221,1474,1591,1489,1559,1400,1321,1092,879,779,464,265,332
2023.12.31,1,154,Jongno 5(o)ga,alighting,26,86,152,282,675,963,1362,1743,1749,1527,1245,1090,1019,993,627,490,323,254,166,246
2023.12.31,1,155,Dongdaemun,boarding,129,116,162,304,469,577,575,861,1014,991,1033,1137,986,840,636,526,504,516,385,535
2023.12.31,1,155,Dongdaemun,alighting,28,116,156,231,463,761,982,1083,1123,966,1005,898,828,872,799,635,668,639,445,564
2023.12.31,1,156,Sinseoldong,boarding,120,120,188,267,424,530,596,634,754,721,745,811,693,731,403,277,319,302,144,54
2023.12.31,1,156,Sinseoldong,alighting,29,117,135,204,372,620,509,607,606,594,514,557,524,470,503,431,412,355,238,493
2023.12.31,1,157,Jegidong,boarding,86,111,152,251,405,502,706,876,994,1083,1227,1245,945,713,560,390,290,225,99,24
2023.12.31,1,157,Jegidong,alighting,38,105,136,225,384,661,909,1132,1366,1292,1044,910,745,460,390,325,287,262,179,298
2023.12.31,1,158,Cheongnyangni(University of Seoul),boarding,165,173,283,442,687,800,943,1216,1235,1445,1560,1589,1447,1010,667,638,499,358,175,77
2023.12.31,1,158,Cheongnyangni(University of Seoul),alighting,37,176,254,417,507,873,1180,1488,1641,1542,1427,1484,1055,870,778,584,614,475,302,1119
2023.12.31,1,159,Dongmyo,boarding,42,55,120,121,245,426,630,870,1208,1330,1430,1524,1215,685,299,163,179,155,97,27
2023.12.31,1,159,Dongmyo,alighting,26,101,91,203,387,838,1135,1482,1509,1338,1164,730,466,267,248,189,216,194,146,606
2023.12.31,2,201,City Hall,boarding,29,50,94,123,194,468,539,649,694,723,868,1066,1192,1241,1081,1228,1106,921,356,4378
2023.12.31,2,201,City Hall,alighting,21,141,196,238,379,451,526,601,643,722,808,810,860,775,630,609,565,611,517,896
2023.12.31,2,202,Euljiro 1(il)ga,boarding,62,101,166,238,468,759,1213,1289,1545,1986,2541,2885,3286,3496,3511,4346,2679,2324,1292,6047
2023.12.31,2,202,Euljiro 1(il)ga,alighting,73,333,490,1043,1963,1955,2184,2170,2431,2622,2636,2844,2923,2601,1925,1775,1520,1937,1992,1194
2023.12.31,2,203,Euljiro 3(sam)ga,boarding,43,59,101,203,307,704,797,834,978,972,1026,1265,1152,1094,964,1029,1104,993,612,1260
2023.12.31,2,203,Euljiro 3(sam)ga,alighting,29,251,260,549,681,801,1063,795,1030,1007,833,1027,1188,1064,900,733,670,499,349,815
2023.12.31,2,204,Euljiro 4(sa)ga,boarding,21,43,59,107,312,405,430,459,520,476,484,533,564,465,403,341,277,214,180,347
2023.12.31,2,204,Euljiro 4(sa)ga,alighting,12,72,68,153,176,332,544,488,509,576,475,579,564,487,448,376,371,266,164,378
2023.12.31,2,205,Dongdaemun History & Culture Park(DDP),boarding,82,85,173,205,412,505,623,729,741,928,1227,1432,1449,1559,1451,1169,1148,1247,608,4576
2023.12.31,2,205,Dongdaemun History & Culture Park(DDP),alighting,30,157,206,299,480,824,1060,1197,1442,1675,1603,1775,1837,1896,1692,1788,2275,3182,3421,992
2023.12.31,2,206,Sindang,boarding,93,146,137,272,400,475,549,634,712,720,708,756,805,611,512,447,476,444,260,170
2023.12.31,2,206,Sindang,alighting,34,131,137,206,298,429,559,660,756,620,763,868,883,901,830,638,576,544,325,458
2023.12.31,2,207,Sangwangsimni,boarding,73,121,194,292,458,548,568,634,666,638,621,633,503,447,321,280,244,264,160,41
2023.12.31,2,207,Sangwangsimni,alighting,27,112,109,159,250,411,292,329,353,450,463,529,634,604,530,471,464,406,316,290
2023.12.31,2,208,Wangsimni(Seongdong-gu Office),boarding,114,110,150,258,394,465,547,563,658,655,722,705,732,673,564,638,640,639,328,176
2023.12.31,2,208,Wangsimni(Seongdong-gu Office),alighting,31,125,122,178,288,397,393,473,588,605,590,677,803,753,641,580,622,421,361,1058
2023.12.31,2,209,Hanyang Univ.,boarding,20,45,55,67,89,140,139,173,178,173,197,246,213,194,134,104,93,135,100,26
2023.12.31,2,209,Hanyang Univ.,alighting,8,51,37,49,88,123,117,137,171,215,156,174,161,138,125,143,97,125,86,176
2023.12.31,2,210,Ttukseom,boarding,60,97,115,204,261,301,549,624,810,930,998,1267,1406,1268,1236,1107,932,604,213,72
2023.12.31,2,210,Ttukseom,alighting,28,175,137,209,510,1019,1396,1067,1191,1280,1196,1210,1018,779,619,367,341,284,181,269
2023.12.31,2,211,Seongsu,boarding,156,130,142,267,371,451,550,953,1161,1485,1840,2364,2701,2656,2218,2270,1946,1442,513,177
2023.12.31,2,211,Seongsu,alighting,29,268,257,356,751,1528,2126,2543,2719,2897,2814,2593,2427,1649,1118,664,527,415,354,680
2023.12.31,2,212,Konkuk Univ.,boarding,548,389,457,745,1055,1012,1169,1210,1452,1738,1927,2106,2184,2161,2115,2206,2385,2626,1476,422
2023.12.31,2,212,Konkuk Univ.,alighting,39,238,226,339,690,1024,1519,1679,2000,2205,2298,2580,2949,3061,2740,2816,2627,2359,1539,1638
2023.12.31,2,213,Guui (Gwangjin-gu Office),boarding,174,281,369,594,947,935,934,890,1027,969,888,923,898,686,590,577,530,514,272,58
2023.12.31,2,213,Guui (Gwangjin-gu Office),alighting,30,204,178,235,274,384,422,496,662,764,790,940,1006,1077,918,941,908,842,463,569
2023.12.31,2,214,Gangbyeon (Dongseoul Bus Terminal),boarding,112,200,273,637,1180,1525,1677,1472,1562,1425,1573,1737,1620,1309,1130,933,827,611,281,89
2023.12.31,2,214,Gangbyeon (Dongseoul Bus Terminal),alighting,83,559,519,701,873,1134,1014,1160,1340,1506,1549,1516,1674,1401,1265,1131,930,854,493,497
2023.12.31,2,215,Jamsillaru,boarding,58,82,112,261,308,420,441,484,543,518,529,477,447,277,214,214,161,155,88,248
2023.12.31,2,215,Jamsillaru,alighting,37,141,106,150,192,239,276,328,415,375,419,493,593,425,327,315,314,347,192,148
2023.12.31,2,216,Jamsil (Songpa-gu Office),boarding,201,421,576,894,1388,1565,2228,2670,3085,3781,4548,5320,6427,5919,5304,5730,5456,3906,1083,10721
2023.12.31,2,216,Jamsil (Songpa-gu Office),alighting,85,618,739,1432,2734,3522,3993,4565,5176,5338,5431,6046,5723,5062,4067,3980,4032,4713,5427,1380
2023.12.31,2,217,Jamsilsaenae,boarding,153,165,239,437,650,762,836,980,1012,961,971,947,986,850,675,732,715,828,584,446
2023.12.31,2,217,Jamsilsaenae,alighting,21,135,155,236,429,525,602,751,908,1082,1108,1276,1353,1365,1188,1041,1075,765,461,449
2023.12.31,2,218,Sports Complex,boarding,18,74,70,163,199,424,357,616,407,1288,395,300,760,711,251,2053,2530,216,116,138
2023.12.31,2,218,Sports Complex,alighting,41,178,121,298,519,769,935,480,713,1682,1785,1236,1621,325,271,281,284,258,219,175
2023.12.31,2,219,Samseong (World Trade Center Seoul),boarding,95,137,173,206,287,485,654,931,1689,1866,2359,3190,3467,2917,2322,3185,2382,2098,501,295
2023.12.31,2,219,Samseong (World Trade Center Seoul),alighting,41,432,555,1103,1831,1964,2295,2503,2975,2698,2377,2060,1855,1745,862,715,545,465,390,643
2023.12.31,2,220,Seolleung,boarding,131,223,218,295,514,497,655,740,858,833,991,1105,1406,1325,961,776,1008,1024,413,104
2023.12.31,2,220,Seolleung,alighting,39,299,322,509,868,707,625,762,947,775,671,789,871,729,573,570,544,433,298,713
2023.12.31,2,221,Yeoksam,boarding,98,177,176,240,373,502,580,871,652,896,1064,915,868,780,681,754,724,582,265,31
2023.12.31,2,221,Yeoksam,alighting,58,267,324,636,793,959,667,809,814,706,738,676,721,763,530,516,603,384,254,425
2023.12.31,2,222,Gangnam,boarding,440,463,371,510,759,926,1179,1494,1815,1933,2125,2290,2555,2399,2089,2216,2474,2501,1268,272
2023.12.31,2,222,Gangnam,alighting,98,474,457,835,1550,1526,1704,2045,2204,1997,2188,2486,2649,2490,1976,1795,1804,1324,853,1116
2023.12.31,2,223,Seoul Nat'l Univ. of Education(Court & Prosecutors’ Office),boarding,55,175,174,239,364,393,497,584,609,649,728,695,707,682,568,573,567,484,275,46
2023.12.31,2,223,Seoul Nat'l Univ. of Education(Court & Prosecutors’ Office),alighting,97,264,246,429,778,666,588,717,778,710,645,682,826,762,596,515,579,449,295,271
2023.12.31,2,224,Seocho,boarding,35,124,98,189,748,341,1729,711,1873,1008,938,1443,854,728,969,483,497,378,112,45
2023.12.31,2,224,Seocho,alighting,43,286,800,492,1940,865,2054,890,771,1104,507,716,490,386,263,227,221,216,114,99
2023.12.31,2,225,Bangbae,boarding,42,108,119,164,324,357,385,529,636,594,569,590,486,413,369,304,346,286,108,130
2023.12.31,2,225,Bangbae,alighting,36,159,122,255,582,454,474,386,432,393,452,436,502,484,357,387,356,369,166,110
2023.12.31,2,226,Sadang,boarding,202,303,324,600,1060,1111,1181,1291,1562,1582,1519,1693,1510,1475,1383,1377,1262,1061,633,170
2023.12.31,2,226,Sadang,alighting,69,676,346,427,720,980,1330,1321,1496,1328,1484,1659,2098,1966,1482,1534,1455,1427,1090,1560
2023.12.31,2,227,Nakseongdae(Ganggamchan),boarding,172,278,381,700,1074,1075,1190,1360,1488,1275,1291,1181,1193,972,719,565,623,478,210,77
2023.12.31,2,227,Nakseongdae(Ganggamchan),alighting,74,234,203,312,546,675,705,707,763,840,998,965,1119,1194,1068,923,1112,1007,605,567
2023.12.31,2,228,Seoul Nat‘l Univ. (Gwanak-gu Office),boarding,358,452,569,989,1630,1619,1693,1810,1987,1817,1875,1872,1858,1543,1306,1228,1205,1123,549,100
2023.12.31,2,228,Seoul Nat‘l Univ. (Gwanak-gu Office),alighting,70,315,284,423,678,864,831,1161,1351,1448,1542,1746,1945,2179,1941,1581,1861,1549,1093,985
2023.12.31,2,229,Bongcheon,boarding,193,286,383,672,1092,1049,1006,1082,1143,1102,958,868,806,672,629,482,466,388,152,56
2023.12.31,2,229,Bongcheon,alighting,64,191,152,253,347,491,577,603,653,723,805,952,966,1079,795,733,881,710,402,400
2023.12.31,2,230,Sillim,boarding,515,755,1003,1794,2449,2397,2429,2506,2537,2581,2449,2440,2438,2263,1868,1706,1597,1380,599,196
2023.12.31,2,230,Sillim,alighting,139,489,426,568,936,1117,1245,1400,1823,1917,2055,2460,2783,2930,2696,2565,2806,2482,1709,1200
2023.12.31,2,231,Sindaebang,boarding,281,367,547,968,1506,1394,1358,1286,1283,1197,1159,1190,1019,787,630,579,458,408,169,70
2023.12.31,2,231,Sindaebang,alighting,63,227,226,352,451,673,713,664,741,761,923,1010,1233,1264,1112,1003,1362,1059,656,473
2023.12.31,2,232,Guro Digital Complex,boarding,461,577,728,1280,1837,1844,1935,2022,1995,1932,1862,2029,1967,1702,1257,1107,1107,921,405,131
2023.12.31,2,232,Guro Digital Complex,alighting,118,324,385,612,839,1205,1263,1258,1511,1687,1663,1747,1978,2224,1992,1935,1971,1796,1008,990
2023.12.31,2,233,Daerim (Guro-gu Office),boarding,302,327,489,956,1263,1210,1057,1136,1278,1396,1429,1495,1383,1091,916,714,592,533,240,57
2023.12.31,2,233,Daerim (Guro-gu Office),alighting,83,195,200,388,630,1672,2150,1251,1232,1210,1207,1083,1169,1128,944,857,1188,1057,565,435
2023.12.31,2,234,Sindorim,boarding,391,439,532,833,1211,1409,1567,1962,1906,2045,2153,2182,2125,1798,1682,1415,1495,1040,426,130
2023.12.31,2,234,Sindorim,alighting,148,352,391,632,886,1571,1390,1657,1729,1938,1936,2049,2131,2034,1669,1393,1498,1411,1028,1877
2023.12.31,2,235,Mullae,boarding,64,99,137,249,347,401,464,546,615,616,665,626,607,599,484,537,621,501,173,47
2023.12.31,2,235,Mullae,alighting,43,153,160,242,400,563,508,551,625,631,676,769,799,703,549,446,451,366,240,192
2023.12.31,2,236,Yeongdeungpo-gu Office,boarding,63,122,178,291,374,442,442,590,597,556,594,629,572,511,489,419,411,347,189,51
2023.12.31,2,236,Yeongdeungpo-gu Office,alighting,66,155,152,231,319,436,403,480,501,529,612,623,699,571,448,432,523,379,293,370
2023.12.31,2,237,Dangsan,boarding,104,110,197,266,430,572,534,647,621,589,619,579,608,466,442,403,343,375,144,45
2023.12.31,2,237,Dangsan,alighting,39,167,158,262,381,318,301,437,469,506,558,621,638,684,594,534,582,529,376,488
2023.12.31,2,238,Hapjeong,boarding,506,384,275,424,573,664,794,1185,1187,1298,1623,1826,1758,1784,1645,1990,1922,1933,805,380
2023.12.31,2,238,Hapjeong,alighting,42,183,253,450,880,1311,1628,1907,1988,1800,1980,2156,2345,2184,1637,1484,1401,1250,799,948
2023.12.31,2,239,Hongik Univ.,boarding,1694,1036,744,740,1158,1729,2033,2255,2841,3610,4161,5408,6201,5867,5660,6053,6439,6542,3183,956
2023.12.31,2,239,Hongik Univ.,alighting,96,383,445,714,1561,2868,4681,6197,6535,6703,6805,6821,6774,6604,5843,5315,5130,4127,2777,4693
2023.12.31,2,240,Sinchon,boarding,356,342,304,446,696,898,1105,1575,1552,1738,1870,1960,2020,2026,1946,2199,2006,2102,919,582
2023.12.31,2,240,Sinchon,alighting,49,217,276,543,969,1336,1306,1602,1818,1839,2027,2041,2351,2126,1673,1658,1541,1360,990,1719
2023.12.31,2,241,Ewha Womans Univ.,boarding,70,143,171,234,395,567,616,678,721,713,847,740,791,626,590,343,318,347,191,84
2023.12.31,2,241,Ewha Womans Univ.,alighting,24,88,96,207,325,507,440,510,676,626,623,713,680,681,485,547,463,529,369,709
2023.12.31,2,242,Ahyeon,boarding,72,104,161,274,383,433,458,618,555,514,520,498,477,351,232,276,194,273,114,82
2023.12.31,2,242,Ahyeon,alighting,15,94,103,138,206,339,212,277,339,364,414,419,519,482,369,439,364,397,221,300
2023.12.31,2,243,Chungjeongno (Kyonggi Univ.),boarding,63,93,86,153,199,274,286,305,366,347,322,363,299,316,246,209,178,189,92,57
2023.12.31,2,243,Chungjeongno (Kyonggi Univ.),alighting,17,59,80,177,170,212,246,218,305,291,291,321,319,305,305,257,291,212,188,328
2023.12.31,2,244,Yongdap,boarding,40,38,58,95,143,150,159,185,158,150,121,144,163,112,89,67,61,60,29,7
2023.12.31,2,244,Yongdap,alighting,5,28,34,40,40,53,56,56,83,90,119,133,135,170,131,128,132,148,89,44
2023.12.31,2,245,Sindap,boarding,15,12,17,33,54,65,64,102,92,52,71,85,69,35,39,21,21,23,3,6
2023.12.31,2,245,Sindap,alighting,1,5,11,10,30,29,21,33,42,45,62,68,79,62,52,55,56,48,39,11
2023.12.31,2,246,Sinseoldong,boarding,22,29,31,52,88,134,183,237,293,338,338,371,276,346,107,110,63,74,40,14
2023.12.31,2,246,Sinseoldong,alighting,10,28,52,89,207,376,311,321,324,220,208,151,103,107,121,110,87,66,50,133
2023.12.31,2,247,Dorimcheon,boarding,15,10,14,20,28,30,28,30,45,42,42,44,24,30,19,12,14,11,4,3
2023.12.31,2,247,Dorimcheon,alighting,7,8,7,11,11,21,29,22,28,20,33,25,47,25,44,39,30,16,18,16
2023.12.31,2,248,Yangcheon-gu Office,boarding,69,60,121,188,310,335,336,346,309,265,289,268,227,143,111,78,73,67,19,8
2023.12.31,2,248,Yangcheon-gu Office,alighting,33,50,57,79,106,123,103,122,197,212,258,275,335,317,268,253,258,201,172,79
2023.12.31,2,249,Sinjeongnegeori,boarding,112,145,166,306,435,456,438,477,481,484,365,350,315,223,229,184,193,127,58,26
2023.12.31,2,249,Sinjeongnegeori,alighting,28,75,69,142,159,184,216,228,293,316,373,467,509,485,403,383,365,343,202,79
2023.12.31,2,250,Yongdu (Dongdaemun-gu Office),boarding,16,21,18,57,66,81,82,111,122,146,108,106,102,79,73,51,37,37,15,6
2023.12.31,2,250,Yongdu (Dongdaemun-gu Office),alighting,2,12,21,17,53,58,81,72,138,120,119,97,94,91,81,72,67,46,38,25
2023.12.31,3,309,Jichuk,boarding,30,84,97,218,264,298,293,334,273,325,304,273,255,197,186,166,157,128,38,15
2023.12.31,3,309,Jichuk,alighting,17,52,53,100,138,178,155,233,251,230,241,271,304,295,295,243,227,199,113,35
2023.12.31,3,310,Gupabal,boarding,127,185,302,540,689,745,773,951,940,978,1062,1112,930,860,693,640,532,493,130,44
2023.12.31,3,310,Gupabal,alighting,17,154,190,329,571,821,786,804,914,1028,947,973,994,995,767,701,652,551,420,639
2023.12.31,3,311,Yeonsinnae,boarding,348,467,652,1034,1580,1476,1374,1632,1704,1651,1517,1683,1457,1271,1048,925,934,824,311,80
2023.12.31,3,311,Yeonsinnae,alighting,39,239,249,444,695,858,809,1062,1194,1361,1488,1617,1804,1906,1584,1373,1576,1334,881,708
2023.12.31,3,312,Bulgwang,boarding,125,181,265,413,634,695,626,780,763,853,895,1024,851,641,466,451,393,350,100,44
2023.12.31,3,312,Bulgwang,alighting,13,87,131,237,573,652,672,686,936,907,825,851,853,865,738,667,561,575,331,358
2023.12.31,3,313,Nokbeon,boarding,94,180,270,424,639,767,635,763,764,573,564,567,443,376,287,240,230,232,77,22
2023.12.31,3,313,Nokbeon,alighting,9,79,60,115,203,243,242,281,358,465,505,590,624,754,580,630,583,573,287,315
2023.12.31,3,314,Hongje,boarding,127,210,330,487,701,820,803,1099,988,890,792,872,702,558,452,390,329,268,117,52
2023.12.31,3,314,Hongje,alighting,31,122,178,202,352,508,405,429,595,678,739,883,898,890,798,658,698,622,420,390
2023.12.31,3,315,Muakjae,boarding,38,41,76,132,196,260,240,215,205,199,179,202,219,148,96,95,71,96,30,14
2023.12.31,3,315,Muakjae,alighting,5,24,38,58,47,74,102,102,154,156,224,205,242,245,211,183,192,175,103,138
2023.12.31,3,316,Dongnimmun,boarding,69,70,129,198,250,341,405,473,482,493,495,454,390,287,270,144,124,137,60,63
2023.12.31,3,316,Dongnimmun,alighting,16,90,83,136,280,419,273,307,354,330,353,332,323,299,258,210,188,208,114,150
2023.12.31,3,317,Gyeongbokgung (Government Complex-Seoul),boarding,51,73,133,239,412,543,763,1113,1489,1664,1897,2296,2329,1832,1649,1563,1281,965,284,2277
2023.12.31,3,317,Gyeongbokgung (Government Complex-Seoul),alighting,10,131,227,576,1042,1833,2134,2055,2256,2078,1955,1773,1606,1308,926,841,719,818,504,275
2023.12.31,3,318,Anguk,boarding,31,52,101,153,277,434,632,738,1136,1370,1685,2250,2453,2163,1454,1410,968,599,242,1509
2023.12.31,3,318,Anguk,alighting,32,183,283,555,1053,1341,1757,1842,2020,1837,1817,1795,1310,878,635,390,336,313,228,194
2023.12.31,3,319,Jongno 3(sam)ga,boarding,44,38,32,67,143,204,240,243,305,339,449,452,522,501,428,372,422,350,169,286
2023.12.31,3,319,Jongno 3(sam)ga,alighting,14,48,78,148,270,466,577,698,744,800,707,648,559,528,458,368,373,315,203,194
2023.12.31,3,320,Euljiro 3(sam)ga,boarding,15,42,57,95,165,308,423,383,435,410,467,532,487,517,459,440,452,383,199,410
2023.12.31,3,320,Euljiro 3(sam)ga,alighting,20,66,85,184,253,318,368,402,423,509,462,574,660,553,512,287,274,181,128,157
2023.12.31,3,321,Chungmuro,boarding,0,0,0,0,0,0,0,0,0,0,0,0,0,0,0,0,0,0,0,0
2023.12.31,3,321,Chungmuro,alighting,0,0,0,0,0,0,0,0,0,0,0,0,0,0,0,0,0,0,0,0
2023.12.31,3,322,Dongguk Univ.,boarding,37,45,53,95,142,175,290,313,414,388,418,527,753,693,432,517,284,406,103,669
2023.12.31,3,322,Dongguk Univ.,alighting,23,186,176,466,473,583,483,551,667,678,481,500,529,531,573,735,582,138,95,153
2023.12.31,3,323,Yaksu,boarding,98,121,178,287,366,503,426,635,645,564,580,572,503,462,364,385,365,335,167,95
2023.12.31,3,323,Yaksu,alighting,44,142,103,254,269,409,421,400,405,465,456,593,608,620,493,450,419,438,188,690
2023.12.31,3,324,Geumho,boarding,59,113,155,248,340,417,379,406,443,380,364,282,316,238,170,146,189,127,56,30
2023.12.31,3,324,Geumho,alighting,20,60,81,104,140,183,199,195,261,314,320,348,432,414,360,289,295,277,136,108
2023.12.31,3,325,Oksu,boarding,43,93,126,186,337,388,381,463,467,401,364,351,349,325,197,201,194,180,75,19
2023.12.31,3,325,Oksu,alighting,18,72,74,106,208,196,239,269,389,335,431,439,533,439,342,347,292,280,167,112
2023.12.31,3,326,Apgujeong,boarding,75,131,116,248,272,541,598,1022,1010,1222,1236,1597,1387,1342,1173,1506,1341,716,185,66
2023.12.31,3,326,Apgujeong,alighting,26,422,422,890,1489,1521,1627,1399,1609,1210,1088,1217,1176,979,677,450,409,438,145,244
2023.12.31,3,327,Sinsa,boarding,223,241,212,227,279,374,476,572,587,797,894,1104,1167,1044,1019,1024,1147,1007,378,79
2023.12.31,3,327,Sinsa,alighting,28,196,179,257,592,906,920,1024,1037,1098,1064,1205,1117,965,829,617,538,526,432,380
2023.12.31,3,328,Jamwon,boarding,20,52,56,103,151,153,173,221,217,199,159,177,210,121,88,93,89,64,29,18
2023.12.31,3,328,Jamwon,alighting,11,61,47,65,96,106,138,153,162,156,181,173,201,155,138,122,143,146,70,59
2023.12.31,3,329,Express Bus Terminal,boarding,143,116,224,461,800,1204,1837,2226,2564,3075,3617,4170,4006,3694,3167,3530,2161,1232,419,86
2023.12.31,3,329,Express Bus Terminal,alighting,113,743,878,1378,2606,2793,3124,3091,3472,3589,3454,3254,2928,2305,1750,1327,1022,700,348,203
2023.12.31,3,330,Seoul Nat'l Univ. of Education(Court & Prosecutors’ Office),boarding,32,74,81,105,185,209,235,376,415,386,440,376,411,372,377,292,300,268,121,12
2023.12.31,3,330,Seoul Nat'l Univ. of Education(Court & Prosecutors’ Office),alighting,7,50,46,88,167,175,137,159,181,192,180,182,219,217,162,133,106,124,67,53
2023.12.31,3,331,Nambu Bus Terminal (Seoul Arts Center),boarding,51,132,193,318,590,786,865,1035,1073,1073,1118,1222,1469,1100,890,662,529,652,105,230
2023.12.31,3,331,Nambu Bus Terminal (Seoul Arts Center),alighting,35,329,374,524,712,958,759,1135,1221,1108,1088,1093,1004,917,725,694,544,424,315,226
2023.12.31,3,332,Yangjae (Seocho-gu Office),boarding,117,186,238,334,541,608,638,883,892,877,866,1006,1099,1063,630,717,683,471,241,51
2023.12.31,3,332,Yangjae (Seocho-gu Office),alighting,17,436,470,648,860,825,868,835,1145,795,838,884,966,898,640,689,667,532,412,359
2023.12.31,3,333,Maebong,boarding,26,79,91,128,188,232,258,304,368,321,336,366,304,231,226,217,277,190,55,9
2023.12.31,3,333,Maebong,alighting,17,95,117,203,248,286,266,241,310,258,281,304,319,304,244,195,137,161,83,102
2023.12.31,3,334,Dogok,boarding,17,26,28,63,90,110,131,135,169,167,137,137,147,120,131,106,97,114,19,7
2023.12.31,3,334,Dogok,alighting,10,45,77,136,174,118,112,113,166,96,119,147,192,141,98,95,65,87,52,111
2023.12.31,3,335,Daechi,boarding,50,163,107,200,256,286,377,588,602,429,471,463,1071,505,275,247,361,638,50,30
2023.12.31,3,335,Daechi,alighting,24,173,177,415,420,313,362,541,588,419,372,388,490,426,273,243,225,219,146,136
2023.12.31,3,336,Hangnyeoul,boarding,13,10,19,35,52,92,108,311,388,368,380,311,169,56,37,37,27,9,8,6
2023.12.31,3,336,Hangnyeoul,alighting,5,19,18,41,95,194,389,384,348,303,225,104,98,39,41,40,34,26,31,27
2023.12.31,3,337,Daecheong,boarding,57,130,151,229,339,358,393,402,363,347,353,350,352,241,157,155,152,116,42,24
2023.12.31,3,337,Daecheong,alighting,23,62,73,95,122,187,198,197,274,305,317,287,384,399,298,290,299,270,175,166
2023.12.31,3,338,Irwon,boarding,34,84,142,164,200,333,281,461,359,426,332,366,337,194,120,120,106,113,36,35
2023.12.31,3,338,Irwon,alighting,15,127,134,151,166,309,196,289,248,306,292,319,290,291,229,216,197,260,90,79
2023.12.31,3,339,Suseo,boarding,80,123,218,401,644,1094,682,1175,797,649,886,862,832,756,433,593,421,529,216,37
2023.12.31,3,339,Suseo,alighting,62,328,373,464,622,754,597,711,674,707,795,916,924,814,664,620,597,447,131,195
2023.12.31,3,340,Garak Market,boarding,35,65,86,164,213,292,309,346,410,396,401,386,347,323,213,202,194,131,42,34
2023.12.31,3,340,Garak Market,alighting,8,85,63,106,146,263,240,311,377,372,356,398,385,365,274,215,160,156,120,145
2023.12.31,3,341,National Police Hospital,boarding,44,77,98,159,252,256,217,228,251,232,239,197,197,142,101,122,117,98,27,13
2023.12.31,3,341,National Police Hospital,alighting,2,62,53,82,115,139,145,150,187,185,193,235,289,223,193,214,154,158,102,68
2023.12.31,3,342,Ogeum,boarding,60,67,83,204,226,240,197,324,236,202,164,194,182,141,66,76,75,62,12,9
2023.12.31,3,342,Ogeum,alighting,1,52,33,73,134,227,104,111,142,186,161,164,223,237,203,137,145,160,161,76
2023.12.31,4,409,Danggogae,boarding,104,128,203,334,460,532,415,521,478,516,379,418,380,324,245,206,188,142,46,12
2023.12.31,4,409,Danggogae,alighting,0,104,78,129,211,333,236,246,310,324,373,402,430,558,345,366,337,304,213,178
2023.12.31,4,410,Sanggye,boarding,197,248,351,550,827,912,841,966,893,923,803,762,677,631,436,403,416,336,122,35
2023.12.31,4,410,Sanggye,alighting,7,126,132,241,379,438,412,463,556,635,689,828,836,911,738,626,675,582,469,278
2023.12.31,4,411,Nowon,boarding,217,284,373,787,855,1067,987,1290,1365,1456,1588,1479,1458,1308,1165,1181,1034,964,432,146
2023.12.31,4,411,Nowon,alighting,20,365,281,653,862,1082,1077,1375,1447,1489,1517,1559,1793,1890,1495,1388,1330,1215,847,534
2023.12.31,4,412,Changdong,boarding,273,296,380,616,835,1088,1017,1337,1247,1231,1370,1406,1434,1514,855,675,667,559,218,53
2023.12.31,4,412,Changdong,alighting,46,194,258,503,741,1155,902,1089,1385,1299,1340,1318,1351,1170,987,928,988,836,546,376
2023.12.31,4,413,Ssangmun,boarding,277,476,610,986,1397,1486,1420,1443,1507,1371,1269,1160,950,815,657,693,580,562,164,80
2023.12.31,4,413,Ssangmun,alighting,35,205,239,362,417,646,580,758,819,888,1034,1147,1382,1514,959,1209,1224,977,749,407
2023.12.31,4,414,Suyu (Gangbuk-gu Office),boarding,309,552,658,1177,1548,1507,1387,1597,1641,1569,1649,1679,1669,1392,1124,1054,1076,965,387,119
2023.12.31,4,414,Suyu (Gangbuk-gu Office),alighting,80,246,254,463,631,838,826,1081,1252,1333,1448,1719,1894,1841,1663,1606,1837,1549,958,646
2023.12.31,4,415,Mia (Seoul Cyber Univ.),boarding,148,214,287,535,659,710,616,847,753,709,648,678,537,494,578,349,249,270,95,103
2023.12.31,4,415,Mia (Seoul Cyber Univ.),alighting,30,99,188,246,264,495,352,441,505,532,605,734,668,727,581,545,642,531,301,189
2023.12.31,4,416,Miasageori ,boarding,199,388,429,877,1153,1216,1087,1230,1373,1342,1312,1373,1277,1037,917,1022,764,547,246,72
2023.12.31,4,416,Miasageori ,alighting,65,170,214,373,617,782,760,932,1039,1110,1292,1365,1406,1532,1203,1102,1069,882,530,396
2023.12.31,4,417,Gireum,boarding,140,230,323,578,753,943,820,1034,1071,1033,928,916,808,727,483,472,381,392,166,54
2023.12.31,4,417,Gireum,alighting,27,139,143,239,414,449,450,506,754,738,708,927,968,1049,808,766,805,740,445,340
2023.12.31,4,418,Sungshin Women's Univ. (Donam),boarding,120,240,295,473,666,781,915,1019,1088,1127,1080,1149,1208,1013,867,764,835,880,425,130
2023.12.31,4,418,Sungshin Women's Univ. (Donam),alighting,59,131,119,257,412,606,636,684,853,954,971,1206,1325,1243,1019,1046,889,940,639,612
2023.12.31,4,419,Hansung Univ. (Samseongyo),boarding,98,149,187,316,513,522,604,712,752,661,683,633,595,485,380,406,343,314,129,52
2023.12.31,4,419,Hansung Univ. (Samseongyo),alighting,14,109,118,236,363,425,409,406,535,502,547,664,622,565,489,421,451,326,262,496
2023.12.31,4,420,Hyehwa,boarding,87,133,278,254,400,491,572,843,1022,1395,2501,3389,2995,3036,2780,3627,2899,2290,948,342
2023.12.31,4,420,Hyehwa,alighting,27,304,224,447,846,1258,2263,3671,4874,3264,2810,2730,2892,1641,1197,927,799,710,472,455
2023.12.31,4,421,Dongdaemun,boarding,33,40,85,98,132,206,320,525,675,790,936,1053,949,915,887,729,811,660,314,1970
2023.12.31,4,421,Dongdaemun,alighting,18,82,126,222,352,731,878,1005,901,953,920,823,797,727,627,596,596,521,460,282
2023.12.31,4,422,Dongdaemun History & Culture Park(DDP),boarding,61,82,187,223,406,671,790,866,918,1013,1333,1532,1656,1784,1546,1364,1369,1221,673,5242
2023.12.31,4,422,Dongdaemun History & Culture Park(DDP),alighting,31,165,212,334,485,772,956,1023,1332,1433,1431,1362,1341,1421,1216,1380,1706,2003,2732,451
2023.12.31,4,423,Chungmuro,boarding,94,128,209,291,569,724,853,762,733,793,896,958,967,949,765,725,646,671,469,202
2023.12.31,4,423,Chungmuro,alighting,32,170,227,378,486,614,688,798,968,1018,1005,1064,950,903,719,582,678,597,458,778
2023.12.31,4,424,Myeongdong,boarding,44,81,220,334,797,1206,1360,1673,1790,2004,2315,2881,3138,3395,3309,3224,3211,2964,1429,757
2023.12.31,4,424,Myeongdong,alighting,31,394,554,831,1510,2009,2671,3145,3748,3597,3871,4154,4047,3594,2716,1990,1337,946,411,1026
2023.12.31,4,425,Hoehyeon (Namdaemun Market),boarding,38,56,122,154,265,361,548,692,856,1078,1171,1256,1389,1670,1499,1728,758,333,133,218
2023.12.31,4,425,Hoehyeon (Namdaemun Market),alighting,10,144,265,504,1242,1301,1280,1139,1148,1201,1233,1187,1170,933,639,393,290,193,104,207
2023.12.31,4,426,Seoul Station,boarding,96,113,119,208,389,386,509,480,494,463,492,492,416,421,325,345,246,244,131,97
2023.12.31,4,426,Seoul Station,alighting,17,361,376,525,883,815,939,1070,913,1051,1026,1153,1041,955,925,699,743,526,237,472
2023.12.31,4,427,Sookmyung Women's Univ. (Garwol),boarding,53,103,160,219,470,607,562,710,742,729,542,729,691,645,511,520,508,463,218,229
2023.12.31,4,427,Sookmyung Women's Univ. (Garwol),alighting,19,100,122,269,444,467,639,507,658,662,605,628,641,723,563,492,415,355,265,351
2023.12.31,4,428,Samgakji,boarding,11,31,34,67,110,126,190,203,321,279,306,286,265,265,245,273,330,348,149,37
2023.12.31,4,428,Samgakji,alighting,20,72,118,111,197,337,384,346,370,301,392,439,438,376,326,213,166,149,82,182
2023.12.31,4,429,Sinyongsan,boarding,27,47,111,129,246,271,445,485,656,604,825,1032,941,905,806,830,913,599,214,44
2023.12.31,4,429,Sinyongsan,alighting,26,166,204,337,610,634,838,939,946,949,935,994,957,871,511,449,269,231,111,187
2023.12.31,4,430,Ichon (National Museum of Korea),boarding,30,46,54,127,170,272,330,441,673,636,740,916,1023,730,215,191,175,111,55,48
2023.12.31,4,430,Ichon (National Museum of Korea),alighting,17,117,120,251,459,700,635,703,787,642,723,452,361,320,255,204,191,185,96,81
2023.12.31,4,431,Dongjak (Seoul National Cemetery),boarding,2,12,32,33,26,33,46,51,39,54,83,97,92,71,53,32,23,28,16,10
2023.12.31,4,431,Dongjak (Seoul National Cemetery),alighting,2,46,33,41,56,90,53,64,94,93,93,110,87,70,73,66,21,21,20,37
2023.12.31,4,432,Chongshin Univ. (Isu),boarding,98,181,223,374,708,667,692,892,999,968,863,907,724,585,490,529,473,389,186,61
2023.12.31,4,432,Chongshin Univ. (Isu),alighting,29,134,137,245,410,617,607,685,829,878,943,997,1108,1174,766,601,653,561,321,345
2023.12.31,4,433,Sadang,boarding,183,244,285,559,895,1019,1102,1214,1168,1326,1288,1222,1010,933,776,781,750,696,285,84
2023.12.31,4,433,Sadang,alighting,23,344,217,259,408,552,784,811,885,846,1033,1152,1204,1342,960,868,825,766,617,972
2023.12.31,4,434,Namtaeryeong,boarding,9,14,12,61,87,71,66,81,72,75,45,35,43,27,11,28,14,9,4,2
2023.12.31,4,434,Namtaeryeong,alighting,2,9,17,21,14,20,26,36,38,30,54,42,38,41,40,35,19,27,15,7
2023.12.31,5,2511,Banghwa,boarding,82,91,127,218,314,278,340,376,359,307,295,287,274,163,166,119,117,82,43,4
2023.12.31,5,2511,Banghwa,alighting,1,80,59,121,135,141,159,165,228,272,261,313,265,343,260,258,256,282,115,113
2023.12.31,5,2512,Gaehwasan,boarding,80,78,111,186,253,248,191,214,286,212,262,206,221,191,142,126,103,117,45,4
2023.12.31,5,2512,Gaehwasan,alighting,9,58,82,101,110,162,121,183,197,180,184,233,221,239,197,181,227,174,109,74
2023.12.31,5,2513,Gimpo Int'l Airport,boarding,6,35,47,141,233,305,428,406,569,700,783,748,817,689,638,563,627,507,149,8
2023.12.31,5,2513,Gimpo Int'l Airport,alighting,82,243,185,257,336,535,552,689,697,662,735,670,643,420,346,153,87,49,45,147
2023.12.31,5,2514,Songjeong,boarding,51,91,110,185,297,305,303,312,279,279,280,363,252,207,155,131,164,168,45,31
2023.12.31,5,2514,Songjeong,alighting,15,57,77,119,130,170,149,175,248,216,282,276,284,296,222,214,246,267,173,137
2023.12.31,5,2515,Magok,boarding,44,68,96,174,228,279,245,329,341,286,380,360,277,256,223,191,221,177,56,11
2023.12.31,5,2515,Magok,alighting,41,58,84,115,233,209,234,273,387,326,309,343,410,317,250,208,210,170,135,138
2023.12.31,5,2516,Balsan,boarding,60,146,174,234,308,426,430,553,680,816,870,923,977,784,703,743,729,764,269,52
2023.12.31,5,2516,Balsan,alighting,31,156,188,282,512,561,628,778,935,833,806,989,1066,972,841,801,608,531,406,236
2023.12.31,5,2517,Ujangsan,boarding,105,163,220,347,491,637,560,672,720,676,627,619,525,367,299,237,246,215,81,58
2023.12.31,5,2517,Ujangsan,alighting,21,112,95,197,257,325,325,328,445,533,590,613,719,560,599,471,452,481,274,168
2023.12.31,5,2518,Hwagok,boarding,311,360,493,869,1312,1223,1214,1366,1390,1231,1113,1146,981,790,686,589,564,480,208,79
2023.12.31,5,2518,Hwagok,alighting,25,181,181,328,384,526,507,592,576,950,882,1060,1319,1141,1292,1151,1156,1157,625,470
2023.12.31,5,2519,Kkachisan,boarding,342,416,552,975,1421,1311,1356,1386,1333,1228,1150,1163,1034,780,638,599,587,504,186,60
2023.12.31,5,2519,Kkachisan,alighting,28,220,213,266,417,494,507,603,801,925,1031,1163,1392,1403,1420,1195,1331,1080,734,479
2023.12.31,5,2520,Sinjeong(Eunhaengjeong),boarding,135,185,279,412,646,567,537,666,576,527,460,407,413,324,258,259,202,204,71,20
2023.12.31,5,2520,Sinjeong(Eunhaengjeong),alighting,17,82,75,106,201,201,165,245,260,388,403,510,496,557,431,444,476,478,304,237
2023.12.31,5,2521,Mok-dong,boarding,118,171,252,361,504,577,509,662,677,655,624,579,527,454,376,317,334,281,120,49
2023.12.31,5,2521,Mok-dong,alighting,34,99,125,183,322,319,295,391,430,444,547,608,679,615,619,590,652,551,313,300
2023.12.31,5,2522,Omokgyo(Mokdong Stadium),boarding,79,122,137,278,368,432,512,717,828,795,913,952,1126,994,827,1045,845,593,175,38
2023.12.31,5,2522,Omokgyo(Mokdong Stadium),alighting,31,129,224,435,830,662,736,777,867,858,956,1064,1023,924,754,569,499,520,284,271
2023.12.31,5,2523,Yangpyeong,boarding,44,54,98,123,190,212,228,270,216,240,232,251,199,168,114,91,91,110,47,6
2023.12.31,5,2523,Yangpyeong,alighting,8,50,54,94,105,146,93,154,141,158,164,227,224,229,213,161,188,197,100,122
2023.12.31,5,2524,Yeongdeungpo-gu Office,boarding,33,30,44,78,74,122,119,163,133,145,175,186,140,140,113,99,80,91,27,13
2023.12.31,5,2524,Yeongdeungpo-gu Office,alighting,10,50,37,78,72,80,86,111,100,109,123,115,134,140,111,106,123,91,60,81
2023.12.31,5,2525,Yeongdeungpo Market,boarding,44,65,98,147,199,271,316,422,396,434,508,669,704,755,487,364,344,274,109,43
2023.12.31,5,2525,Yeongdeungpo Market,alighting,22,91,117,193,360,475,422,588,715,540,471,431,398,396,282,275,305,200,170,261
2023.12.31,5,2526,Singil,boarding,21,55,52,125,193,284,193,196,166,178,161,200,200,155,128,80,105,113,81,15
2023.12.31,5,2526,Singil,alighting,9,36,33,50,70,79,76,99,137,130,168,211,187,196,175,235,214,200,128,341
2023.12.31,5,2527,Yeouido,boarding,30,58,98,123,146,179,246,413,508,731,1010,1054,1215,1107,997,1151,821,430,116,36
2023.12.31,5,2527,Yeouido,alighting,28,210,257,348,561,725,897,1029,955,844,953,880,801,675,405,284,229,179,103,252
2023.12.31,5,2528,Yeouinaru,boarding,17,41,46,102,79,153,172,362,385,646,596,985,861,1066,759,965,727,538,180,310
2023.12.31,5,2528,Yeouinaru,alighting,34,176,227,249,405,693,743,842,960,1086,1143,1216,862,742,472,359,282,316,296,134
2023.12.31,5,2529,Mapo,boarding,64,97,128,206,303,464,415,499,472,464,429,475,456,404,336,309,375,320,173,31
2023.12.31,5,2529,Mapo,alighting,21,135,121,216,278,258,270,326,393,390,366,479,614,562,391,404,363,279,224,399
2023.12.31,5,2530,Gongdeok,boarding,26,68,91,151,230,324,409,377,433,454,476,450,465,395,344,354,356,317,145,44
2023.12.31,5,2530,Gongdeok,alighting,17,83,105,151,180,240,303,315,322,358,386,449,548,520,427,426,376,302,177,490
2023.12.31,5,2531,Aeogae,boarding,38,51,74,133,184,217,252,293,260,246,242,234,228,199,152,109,127,155,61,29
2023.12.31,5,2531,Aeogae,alighting,12,53,56,97,167,166,111,131,141,188,193,209,237,250,206,251,167,181,131,369
2023.12.31,5,2532,Chungjeongno (Kyonggi Univ.),boarding,14,29,58,100,138,179,210,242,252,229,239,225,283,261,169,186,161,178,140,52
2023.12.31,5,2532,Chungjeongno (Kyonggi Univ.),alighting,5,17,29,42,64,100,75,84,104,111,107,114,139,113,111,127,85,137,89,127
2023.12.31,5,2533,Seodaemun,boarding,48,113,200,261,356,456,551,651,709,701,712,807,823,664,609,522,446,508,275,1600
2023.12.31,5,2533,Seodaemun,alighting,12,110,157,295,365,416,365,430,477,416,408,466,486,399,353,353,368,275,143,253
2023.12.31,5,2534,Gwanghwamun(Sejong Center for the Performing Arts),boarding,80,77,147,168,162,361,440,849,1138,1586,1957,3138,2799,3590,3951,4514,3638,2772,860,2688
2023.12.31,5,2534,Gwanghwamun(Sejong Center for the Performing Arts),alighting,12,279,339,672,943,1465,1899,2217,2722,2174,2500,2980,3699,3263,2625,2168,2130,2528,2203,254
2023.12.31,5,2535,Jongno 3(sam)ga,boarding,85,88,127,115,218,327,390,467,615,783,938,1145,1198,1152,1004,1075,1043,998,539,2331
2023.12.31,5,2535,Jongno 3(sam)ga,alighting,13,92,115,194,345,637,910,1047,1107,1177,1117,1213,1139,1127,862,725,655,544,355,401
2023.12.31,5,2536,Euljiro 4(sa)ga,boarding,18,14,21,46,63,83,156,154,201,227,242,274,234,255,206,194,153,128,96,128
2023.12.31,5,2536,Euljiro 4(sa)ga,alighting,3,34,35,70,109,121,223,278,295,309,280,252,268,201,147,115,107,63,43,83
2023.12.31,5,2537,Dongdaemun History & Culture Park(DDP),boarding,4,8,38,54,103,140,90,86,84,84,64,83,86,92,65,60,74,57,29,40
2023.12.31,5,2537,Dongdaemun History & Culture Park(DDP),alighting,6,34,23,52,44,62,73,69,104,105,133,156,129,128,108,112,104,112,71,100
2023.12.31,5,2538,Cheonggu,boarding,25,31,42,64,116,138,136,158,148,156,130,131,125,123,114,77,61,91,47,24
2023.12.31,5,2538,Cheonggu,alighting,10,27,29,38,60,60,92,90,146,113,126,155,180,167,142,135,111,117,64,116
2023.12.31,5,2539,Singeumho,boarding,36,63,92,125,225,283,256,313,333,285,275,229,231,217,183,121,121,95,52,18
2023.12.31,5,2539,Singeumho,alighting,12,61,57,87,150,166,119,173,196,213,250,316,330,300,250,222,253,197,129,160
2023.12.31,5,2540,Haengdang,boarding,49,95,127,202,308,376,362,429,401,373,323,295,300,186,124,160,142,124,45,27
2023.12.31,5,2540,Haengdang,alighting,23,55,70,101,132,156,157,177,211,206,273,311,319,316,305,270,265,201,136,157
2023.12.31,5,2541,Wangsimni(Seongdong-gu Office),boarding,41,29,33,55,84,120,127,208,187,196,229,211,237,213,176,218,212,156,64,38
2023.12.31,5,2541,Wangsimni(Seongdong-gu Office),alighting,5,55,45,115,130,231,189,223,308,290,270,276,282,294,232,200,192,124,78,396
2023.12.31,5,2542,Majang,boarding,35,55,71,143,202,236,230,255,310,285,251,230,208,162,167,229,185,152,43,18
2023.12.31,5,2542,Majang,alighting,7,42,42,90,136,220,183,231,213,205,199,248,276,288,203,171,176,126,96,90
2023.12.31,5,2543,Dapsimni,boarding,121,188,251,449,564,592,538,766,743,599,631,716,597,473,408,315,303,268,105,84
2023.12.31,5,2543,Dapsimni,alighting,26,148,151,229,247,352,346,444,500,467,540,525,579,605,551,516,524,452,338,422
2023.12.31,5,2544,Janghanpyeong,boarding,118,216,230,403,582,579,614,609,619,707,628,665,668,926,622,445,318,320,187,35
2023.12.31,5,2544,Janghanpyeong,alighting,15,142,160,232,275,533,623,600,552,541,546,610,686,772,534,546,624,440,314,492
2023.12.31,5,2545,Gunja(Neung-dong),boarding,104,130,164,270,416,447,415,484,521,506,531,596,530,460,355,386,310,352,207,47
2023.12.31,5,2545,Gunja(Neung-dong),alighting,13,95,84,131,197,287,293,429,464,457,528,639,646,652,591,520,504,434,298,853
2023.12.31,5,2546,Achasan(Rear Entrance to Seoul Children's Grand Park),boarding,134,192,244,385,551,591,612,672,794,773,779,771,717,645,504,355,323,265,111,54
2023.12.31,5,2546,Achasan(Rear Entrance to Seoul Children's Grand Park),alighting,37,117,133,234,308,571,468,614,657,602,693,741,680,654,502,564,482,436,256,228
2023.12.31,5,2547,Gwangnaru(Presbyterian University & Theological Seminary),boarding,92,180,202,274,392,482,486,602,588,626,560,612,546,443,336,391,1251,280,110,36
2023.12.31,5,2547,Gwangnaru(Presbyterian University & Theological Seminary),alighting,33,127,146,262,349,486,373,451,566,602,757,854,615,473,371,369,387,402,216,164
2023.12.31,5,2548,Cheonho(Pungnaptoseong),boarding,108,153,216,311,469,579,629,835,977,1093,1218,1324,1359,1360,946,995,785,527,223,137
2023.12.31,5,2548,Cheonho(Pungnaptoseong),alighting,36,200,236,285,675,882,783,908,1186,1068,1033,971,1086,982,765,698,664,513,369,310
2023.12.31,5,2549,Gangdong,boarding,174,188,281,420,623,660,613,716,707,595,651,733,713,459,383,332,296,302,113,33
2023.12.31,5,2549,Gangdong,alighting,28,139,153,222,270,380,386,456,601,627,629,580,677,620,639,511,527,464,348,479
2023.12.31,5,2550,Gil-dong,boarding,92,117,128,221,289,329,291,403,455,395,370,355,362,347,226,222,217,174,56,31
2023.12.31,5,2550,Gil-dong,alighting,9,61,89,119,197,207,232,305,269,424,331,381,423,351,317,243,303,303,125,149
2023.12.31,5,2551,Gubeundari(Gangdong Community Center ),boarding,107,126,174,292,394,465,451,532,565,534,472,448,401,345,297,273,243,226,61,46
2023.12.31,5,2551,Gubeundari(Gangdong Community Center ),alighting,22,80,95,183,246,317,325,303,346,347,375,483,473,474,433,332,395,299,185,134
2023.12.31,5,2552,Myeongil,boarding,76,121,138,289,319,550,341,637,494,504,434,352,328,327,239,180,157,158,66,141
2023.12.31,5,2552,Myeongil,alighting,26,104,114,234,246,427,305,244,348,299,316,436,404,478,378,299,378,348,251,107
2023.12.31,5,2553,Godeok,boarding,61,88,118,173,241,287,311,385,414,429,417,373,443,342,250,214,279,259,77,40
2023.12.31,5,2553,Godeok,alighting,28,91,76,127,199,281,228,248,406,294,382,413,360,421,324,337,299,212,128,109
2023.12.31,5,2554,Sangil-dong,boarding,130,137,218,417,557,615,584,684,628,550,558,519,453,370,304,255,226,198,61,30
2023.12.31,5,2554,Sangil-dong,alighting,19,96,129,177,176,211,179,302,371,392,476,545,633,676,499,492,452,469,335,237
2023.12.31,5,2555,Dunchon-dong,boarding,72,94,128,162,283,320,338,376,497,477,400,370,377,298,223,363,210,227,52,35
2023.12.31,5,2555,Dunchon-dong,alighting,8,59,91,163,267,298,310,297,451,355,405,351,449,462,277,295,271,214,128,92
2023.12.31,5,2556,Olympic Park(Korea National Sport University),boarding,19,69,40,89,129,178,176,236,225,232,202,231,238,150,125,149,81,70,13,1005
2023.12.31,5,2556,Olympic Park(Korea National Sport University),alighting,17,57,40,63,119,120,100,125,200,166,242,227,257,363,558,740,105,95,66,89
2023.12.31,5,2557,Bangi,boarding,47,64,97,132,205,239,209,470,436,297,281,359,265,258,228,224,287,200,53,69
2023.12.31,5,2557,Bangi,alighting,20,101,79,139,341,379,174,221,268,283,255,279,419,359,302,172,162,161,122,76
2023.12.31,5,2558,Ogeum,boarding,30,37,34,62,87,106,95,172,136,119,116,116,120,84,74,73,69,44,16,27
2023.12.31,5,2558,Ogeum,alighting,7,25,33,42,86,106,67,69,78,85,81,137,112,102,93,60,94,89,47,58
2023.12.31,5,2559,Gaerong,boarding,52,65,103,169,226,273,221,292,263,270,210,214,203,157,145,130,112,92,19,16
2023.12.31,5,2559,Gaerong,alighting,18,42,64,105,140,204,143,135,225,236,194,286,272,314,264,177,214,217,97,118
2023.12.31,5,2560,Geoyeo,boarding,81,133,157,269,400,451,378,413,449,358,357,317,298,228,188,182,192,160,37,13
2023.12.31,5,2560,Geoyeo,alighting,30,64,82,140,139,191,205,186,241,255,302,438,409,442,385,272,340,319,135,156
2023.12.31,5,2561,Macheon,boarding,104,114,139,234,335,348,291,375,322,284,274,237,206,167,111,158,111,135,32,14
2023.12.31,5,2561,Macheon,alighting,5,64,68,107,161,227,170,132,253,214,258,227,320,315,253,244,268,186,135,164
2023.12.31,5,2562,Gangil,boarding,36,66,107,212,261,296,251,264,228,268,230,204,194,143,127,86,92,88,16,6
2023.12.31,5,2562,Gangil,alighting,16,45,46,61,56,94,73,117,173,221,235,183,236,222,189,178,165,201,109,75
2023.12.31,5,2563,Misa,boarding,117,168,254,438,542,672,554,729,697,769,727,770,729,697,619,657,712,579,228,49
2023.12.31,5,2563,Misa,alighting,22,114,148,210,405,463,440,636,634,807,765,826,1068,953,906,817,715,690,478,199
2023.12.31,5,2564,Hanam Pungsan,boarding,33,34,56,115,126,177,188,284,295,289,255,265,193,178,186,124,167,101,30,19
2023.12.31,5,2564,Hanam Pungsan,alighting,4,83,111,114,223,254,185,184,177,211,195,234,156,229,131,155,134,165,152,49
2023.12.31,5,2565,Hanam City Hall (Deokpung&Sinjang),boarding,84,89,120,219,361,371,328,400,436,392,360,324,337,292,236,235,253,201,67,5
2023.12.31,5,2565,Hanam City Hall (Deokpung&Sinjang),alighting,3,77,78,119,127,203,217,222,312,224,354,368,298,456,301,350,333,269,181,130
2023.12.31,5,2566,Hanam Geomdansan,boarding,61,73,115,185,284,320,278,296,319,342,355,430,515,410,306,276,367,243,55,6
2023.12.31,5,2566,Hanam Geomdansan,alighting,3,78,73,130,283,364,296,376,336,438,418,296,337,327,245,250,179,215,125,106
2023.12.31,6,2611,Eungam,boarding,190,239,297,553,796,815,800,906,973,772,767,768,647,514,465,345,330,292,89,69
2023.12.31,6,2611,Eungam,alighting,40,163,167,185,391,377,378,449,546,504,687,879,836,1038,759,689,730,682,415,186
2023.12.31,6,2612,Yeokchon,boarding,39,59,78,136,172,156,143,220,237,168,159,159,144,94,116,81,62,64,23,10
2023.12.31,6,2612,Yeokchon,alighting,12,52,46,71,104,79,122,148,140,139,161,184,221,191,181,165,157,166,113,19
2023.12.31,6,2613,Bulgwang,boarding,25,46,67,82,125,188,147,198,272,269,281,356,314,225,204,175,165,77,31,30
2023.12.31,6,2613,Bulgwang,alighting,6,26,37,73,128,177,181,199,207,267,253,211,208,203,167,168,105,122,88,60
2023.12.31,6,2614,Dokbawi,boarding,40,37,64,87,126,129,104,135,127,93,101,110,104,89,91,58,39,46,18,6
2023.12.31,6,2614,Dokbawi,alighting,7,31,28,44,54,168,117,81,143,114,109,146,136,122,98,97,120,96,73,61
2023.12.31,6,2616,Gusan,boarding,89,81,161,277,311,357,328,356,349,343,326,284,261,242,165,160,149,136,37,17
2023.12.31,6,2616,Gusan,alighting,6,50,55,77,87,121,164,153,162,249,249,287,283,315,211,200,213,177,107,53
2023.12.31,6,2617,Saejeol(Sinsa),boarding,149,191,258,397,536,575,552,659,588,518,511,525,432,372,257,245,192,190,65,19
2023.12.31,6,2617,Saejeol(Sinsa),alighting,22,106,126,157,158,257,239,245,367,431,403,517,559,551,523,435,503,452,301,155
2023.12.31,6,2618,Jeungsan(Myongji Univ.),boarding,106,139,205,349,479,509,477,552,484,478,396,388,364,307,220,221,196,179,61,17
2023.12.31,6,2618,Jeungsan(Myongji Univ.),alighting,30,85,87,82,152,234,229,234,336,352,380,530,512,540,440,415,410,350,249,148
2023.12.31,6,2619,Digital Media City,boarding,102,148,210,289,430,543,509,528,503,468,397,450,400,370,239,225,218,206,67,23
2023.12.31,6,2619,Digital Media City,alighting,50,142,143,200,231,262,249,276,354,363,415,465,562,567,445,411,334,370,317,181
2023.12.31,6,2620,World Cup Stadium(Seongsan),boarding,26,20,45,56,92,151,140,200,252,250,347,451,338,324,221,172,277,130,43,8
2023.12.31,6,2620,World Cup Stadium(Seongsan),alighting,26,55,63,97,143,185,203,303,343,385,354,310,230,262,135,129,106,91,42,24
2023.12.31,6,2621,Mapo-gu Office,boarding,105,155,192,337,569,545,519,579,550,501,509,557,491,498,342,316,261,251,117,20
2023.12.31,6,2621,Mapo-gu Office,alighting,32,109,132,180,204,203,291,352,384,368,504,506,474,557,436,402,461,379,243,116
2023.12.31,6,2622,Mangwon,boarding,123,129,199,223,361,449,480,626,818,796,838,885,1042,867,691,661,633,513,185,58
2023.12.31,6,2622,Mangwon,alighting,37,91,115,205,331,617,767,849,1062,1078,1053,1108,1045,856,644,454,417,321,217,94
2023.12.31,6,2623,Hapjeong,boarding,151,124,106,150,260,301,353,512,617,693,751,898,913,791,775,864,914,697,384,124
2023.12.31,6,2623,Hapjeong,alighting,29,125,128,188,324,543,606,682,872,659,794,891,890,877,705,499,447,451,265,231
2023.12.31,6,2624,Sangsu,boarding,347,303,171,191,212,190,230,355,430,398,530,598,686,626,576,615,693,861,452,271
2023.12.31,6,2624,Sangsu,alighting,48,51,55,105,226,421,591,646,648,661,753,751,917,1065,926,850,865,919,568,120
2023.12.31,6,2625,Gwangheungchang(Seogang),boarding,45,85,95,154,254,308,325,457,418,395,361,347,343,301,188,131,184,197,64,32
2023.12.31,6,2625,Gwangheungchang(Seogang),alighting,44,101,111,201,265,348,197,261,239,291,271,257,337,303,258,264,229,239,132,98
2023.12.31,6,2626,Daeheung(Sogang Univ.),boarding,49,50,88,138,214,236,252,310,302,318,414,306,341,281,312,236,210,180,84,25
2023.12.31,6,2626,Daeheung(Sogang Univ.),alighting,28,63,72,94,199,195,227,287,263,286,287,380,303,372,274,243,186,183,133,272
2023.12.31,6,2627,Gongdeok,boarding,85,115,129,241,350,490,510,621,620,633,598,624,657,561,508,421,467,418,178,46
2023.12.31,6,2627,Gongdeok,alighting,53,160,181,245,338,351,360,406,529,467,530,611,662,570,481,470,399,425,221,448
2023.12.31,6,2628,Hyochang Park ,boarding,38,67,77,147,226,262,242,301,288,284,275,311,274,267,148,156,135,108,47,9
2023.12.31,6,2628,Hyochang Park ,alighting,17,69,66,90,139,166,132,135,215,225,211,243,241,227,231,196,140,183,112,92
2023.12.31,6,2629,Samgakji,boarding,36,43,65,106,138,166,219,351,341,319,356,445,460,329,273,245,240,193,101,40
2023.12.31,6,2629,Samgakji,alighting,24,83,82,114,148,170,183,261,188,264,218,234,273,244,155,167,165,171,103,129
2023.12.31,6,2630,Noksapyeong(Yongsan-gu Office),boarding,52,68,44,68,105,134,141,224,228,180,277,288,313,283,283,320,305,345,128,62
2023.12.31,6,2630,Noksapyeong(Yongsan-gu Office),alighting,14,50,55,95,134,206,192,289,303,312,398,296,429,447,339,293,257,190,118,85
2023.12.31,6,2631,Itaewon,boarding,1050,738,350,221,232,306,414,539,622,654,791,860,903,960,910,1093,1172,1309,713,399
2023.12.31,6,2631,Itaewon,alighting,43,113,145,168,266,512,607,739,912,836,971,1118,1273,1580,1513,1562,1653,1706,1313,1074
2023.12.31,6,2632,Hangangjin,boarding,37,32,35,75,88,66,141,193,274,416,650,784,1572,955,696,738,500,1092,85,877
2023.12.31,6,2632,Hangangjin,alighting,14,118,153,228,312,591,812,929,1290,862,1159,1121,1043,1146,760,451,189,101,55,290
2023.12.31,6,2633,Beotigogae,boarding,7,33,38,63,69,82,84,90,111,106,79,109,86,68,52,38,47,45,17,2
2023.12.31,6,2633,Beotigogae,alighting,9,26,24,34,35,71,48,60,74,76,90,107,96,110,92,66,97,59,40,30
2023.12.31,6,2634,Yaksu,boarding,21,21,39,55,109,109,97,118,170,124,129,128,128,146,130,136,110,90,53,32
2023.12.31,6,2634,Yaksu,alighting,16,42,26,54,93,114,114,125,120,129,126,167,187,182,118,134,118,87,57,42
2023.12.31,6,2635,Cheonggu,boarding,26,26,38,64,123,134,163,114,156,164,153,167,155,168,144,114,95,97,46,47
2023.12.31,6,2635,Cheonggu,alighting,9,22,35,56,90,88,99,105,110,137,127,139,163,147,118,139,121,77,59,85
2023.12.31,6,2636,Sindang,boarding,50,42,55,76,149,154,151,237,289,362,373,411,632,346,313,304,293,543,184,439
2023.12.31,6,2636,Sindang,alighting,11,114,87,118,137,181,275,438,509,325,321,333,386,434,278,279,214,215,177,198
2023.12.31,6,2637,Dongmyo,boarding,58,53,86,114,192,266,338,442,555,626,651,720,657,455,288,237,191,193,113,160
2023.12.31,6,2637,Dongmyo,alighting,14,57,71,109,196,329,452,495,642,540,467,490,368,326,234,276,219,220,128,236
2023.12.31,6,2638,Changsin,boarding,46,38,67,116,150,154,165,149,163,134,144,107,122,115,69,62,58,42,25,18
2023.12.31,6,2638,Changsin,alighting,13,41,33,48,70,78,67,89,90,86,100,132,118,125,82,78,86,102,76,42
2023.12.31,6,2639,Bomun,boarding,56,87,146,200,314,273,292,311,450,370,294,313,316,281,214,174,181,183,68,24
2023.12.31,6,2639,Bomun,alighting,15,100,52,108,137,190,201,292,229,203,220,265,261,324,250,231,271,240,187,154
2023.12.31,6,2640,Anam(Korea Univ. Hospital),boarding,48,81,127,136,199,250,259,412,375,400,433,390,468,412,309,280,563,803,172,33
2023.12.31,6,2640,Anam(Korea Univ. Hospital),alighting,18,99,89,107,195,203,200,256,296,370,403,429,579,511,321,303,290,245,161,325
2023.12.31,6,2641,Korea Univ.(Jongam),boarding,60,91,122,220,255,290,276,361,384,359,376,341,326,271,217,194,231,235,82,29
2023.12.31,6,2641,Korea Univ.(Jongam),alighting,18,94,104,102,133,194,172,184,220,262,271,279,352,307,262,280,248,279,174,184
2023.12.31,6,2642,Wolgok(Dongduk Women's Univ.),boarding,83,97,152,283,405,411,392,475,556,504,403,392,390,308,259,256,210,183,79,26
2023.12.31,6,2642,Wolgok(Dongduk Women's Univ.),alighting,13,89,77,154,160,261,217,228,338,356,354,447,506,424,415,379,365,359,240,153
2023.12.31,6,2643,Sangwolgok(KIST)?,boarding,91,92,119,180,266,299,357,282,383,296,256,227,211,164,108,114,87,78,34,41
2023.12.31,6,2643,Sangwolgok(KIST)?,alighting,16,43,63,90,133,141,169,116,174,194,194,232,250,183,227,168,250,256,129,77
2023.12.31,6,2644,Dolgoji,boarding,89,156,154,266,352,418,355,432,435,1029,751,396,352,283,189,162,183,120,39,176
2023.12.31,6,2644,Dolgoji,alighting,16,150,121,183,622,927,291,248,258,270,337,353,346,394,317,323,410,373,226,101
2023.12.31,6,2645,Seokgye,boarding,122,147,227,420,467,524,520,596,557,584,510,549,416,366,288,262,271,268,114,17
2023.12.31,6,2645,Seokgye,alighting,31,96,101,134,223,284,277,360,322,462,512,580,591,622,474,474,462,410,298,251
2023.12.31,6,2646,Taereung,boarding,58,73,85,116,191,236,219,259,303,268,296,285,233,216,133,117,175,118,52,25
2023.12.31,6,2646,Taereung,alighting,10,63,49,80,108,126,140,173,228,214,220,229,318,316,239,215,232,230,179,176
2023.12.31,6,2647,Hwarangdae(Seoul Women's Univ.),boarding,77,111,184,299,412,413,424,446,433,442,416,368,391,299,213,157,170,126,50,17
2023.12.31,6,2647,Hwarangdae(Seoul Women's Univ.),alighting,30,59,68,117,176,190,166,171,250,323,289,317,338,327,283,317,235,332,199,135
2023.12.31,6,2648,Bonghwasan(Seoul Medical Center),boarding,75,107,199,270,287,379,347,333,403,355,312,322,330,214,182,126,145,127,44,11
2023.12.31,6,2648,Bonghwasan(Seoul Medical Center),alighting,22,63,80,130,124,171,157,202,289,274,298,341,357,303,317,305,264,300,172,148
2023.12.31,8,2711,Jangam,boarding,25,21,23,47,61,73,52,63,74,119,81,92,88,60,39,33,25,15,2,0
2023.12.31,7,2711,Jangam,alighting,0,13,26,15,35,58,57,69,44,30,43,39,56,44,36,21,23,16,13,0
2023.12.31,7,2712,Dobongsan,boarding,63,86,166,280,387,342,297,342,362,328,390,357,350,256,172,112,93,67,12,7
2023.12.31,7,2712,Dobongsan,alighting,18,121,90,158,372,478,389,367,418,378,336,422,387,356,289,344,398,299,192,231
2023.12.31,7,2713,Suraksan,boarding,135,175,195,389,483,572,463,638,620,641,603,543,528,482,335,306,241,230,76,8
2023.12.31,7,2713,Suraksan,alighting,23,75,142,197,372,396,369,438,447,465,489,478,552,568,473,442,427,384,234,150
2023.12.31,7,2714,Madeul,boarding,168,212,279,428,524,552,568,596,541,494,488,417,366,325,202,196,140,164,38,14
2023.12.31,7,2714,Madeul,alighting,36,77,76,144,148,190,175,270,327,358,447,444,594,493,435,447,352,366,234,146
2023.12.31,7,2715,Nowon,boarding,140,225,269,544,685,699,767,944,954,1120,1260,1219,1281,1284,1001,1049,836,613,349,165
2023.12.31,7,2715,Nowon,alighting,125,218,206,437,734,850,913,1240,1220,1390,1480,1372,1530,1219,1016,890,752,801,559,186
2023.12.31,7,2716,Junggye,boarding,111,222,230,464,589,669,538,617,832,758,500,551,456,340,256,240,215,187,76,111
2023.12.31,7,2716,Junggye,alighting,49,86,103,257,264,320,709,384,376,425,446,461,492,506,419,452,547,479,304,112
2023.12.31,7,2717,Hagye,boarding,134,183,285,534,585,771,659,801,820,811,770,775,722,548,386,780,375,414,112,27
2023.12.31,7,2717,Hagye,alighting,49,133,166,286,388,439,387,522,579,598,617,714,773,835,596,557,529,507,360,186
2023.12.31,7,2718,Gongneung(Seoul National Univ. of Science & Technology),boarding,115,136,177,304,410,459,469,543,536,529,504,535,558,390,333,318,275,233,117,52
2023.12.31,7,2718,Gongneung(Seoul National Univ. of Science & Technology),alighting,22,75,100,162,227,321,259,310,385,445,443,529,526,562,436,450,394,451,337,139
2023.12.31,7,2719,Taereung,boarding,89,84,105,167,274,296,303,310,388,388,373,385,400,367,274,226,221,171,98,27
2023.12.31,7,2719,Taereung,alighting,28,88,78,114,162,201,213,263,294,289,309,359,322,356,279,274,241,229,143,125
2023.12.31,7,2720,Meokgol,boarding,119,119,182,333,450,441,422,465,433,422,414,414,396,365,275,242,235,198,59,12
2023.12.31,7,2720,Meokgol,alighting,20,79,81,141,201,220,203,235,342,342,412,440,520,449,427,372,390,347,222,117
2023.12.31,7,2721,Junghwa,boarding,132,136,232,333,488,450,433,472,452,440,365,426,341,322,214,208,224,174,69,50
2023.12.31,7,2721,Junghwa,alighting,32,84,87,154,192,218,239,251,272,357,339,382,481,452,429,316,412,375,206,101
2023.12.31,7,2722,Sangbong(Intercity Bus Terminal),boarding,192,210,250,402,590,619,611,682,796,776,784,819,779,681,609,500,508,433,162,65
2023.12.31,7,2722,Sangbong(Intercity Bus Terminal),alighting,34,126,135,221,315,499,486,524,657,726,730,771,838,771,637,636,659,581,356,303
2023.12.31,7,2723,Myeonmok,boarding,146,217,364,508,694,695,603,568,631,583,531,544,512,408,355,300,267,217,96,15
2023.12.31,7,2723,Myeonmok,alighting,19,107,121,138,227,308,302,341,472,456,519,595,674,622,615,474,556,461,281,191
2023.12.31,7,2724,Sagajeong,boarding,144,240,311,477,674,664,642,724,784,676,675,657,613,499,374,373,364,306,160,50
2023.12.31,7,2724,Sagajeong,alighting,36,108,138,195,300,401,426,463,498,622,587,682,769,815,617,542,672,554,293,210
2023.12.31,7,2725,Yongmasan(Yongma Falls Park),boarding,55,92,122,214,279,268,231,242,274,226,205,221,188,144,114,115,112,94,37,9
2023.12.31,7,2725,Yongmasan(Yongma Falls Park),alighting,15,41,51,75,109,149,121,158,170,175,209,252,230,271,200,169,256,200,146,83
2023.12.31,7,2726,Junggok,boarding,101,138,175,333,470,468,433,491,472,460,460,395,392,327,261,170,198,186,76,79
2023.12.31,7,2726,Junggok,alighting,14,81,109,207,205,333,206,253,289,317,383,434,446,501,370,363,448,352,175,103
2023.12.31,7,2727,Gunja(Neung-dong),boarding,132,155,200,346,543,568,492,611,641,558,581,576,595,506,407,372,402,371,189,61
2023.12.31,7,2727,Gunja(Neung-dong),alighting,17,108,103,123,186,294,278,336,367,444,457,523,543,544,403,374,402,353,220,138
2023.12.31,7,2728,Children's Grand Park(Sejong Univ.),boarding,72,115,139,286,354,465,405,498,572,569,552,658,638,466,341,326,368,420,177,81
2023.12.31,7,2728,Children's Grand Park(Sejong Univ.),alighting,10,107,146,197,291,431,433,384,463,478,469,530,457,465,374,433,406,427,219,211
2023.12.31,7,2729,Konkuk Univ.,boarding,109,78,117,165,246,256,335,378,498,558,782,751,830,746,604,752,597,466,258,62
2023.12.31,7,2729,Konkuk Univ.,alighting,18,144,139,220,405,509,565,657,816,818,787,753,808,798,605,514,436,387,257,315
2023.12.31,7,2730,Ttukseom Park,boarding,55,122,122,222,343,366,289,328,396,450,475,645,614,570,463,385,294,200,114,193
2023.12.31,7,2730,Ttukseom Park,alighting,17,62,72,107,128,208,239,353,531,575,662,659,605,475,391,321,290,283,289,99
2023.12.31,7,2731,Cheongdam,boarding,47,144,125,156,183,250,198,312,283,386,377,458,468,531,370,283,375,330,91,52
2023.12.31,7,2731,Cheongdam,alighting,60,270,246,445,632,474,338,383,377,358,308,358,377,292,246,199,214,185,120,136
2023.12.31,7,2732,Gangnam-gu Office,boarding,58,77,62,82,136,149,194,211,291,304,382,383,378,327,302,321,319,282,56,15
2023.12.31,7,2732,Gangnam-gu Office,alighting,20,160,145,223,580,390,313,336,349,288,321,303,339,261,199,192,136,106,89,50
2023.12.31,7,2733,Hak-dong,boarding,61,117,111,131,151,191,249,329,330,384,434,473,389,574,317,263,307,241,125,22
2023.12.31,7,2733,Hak-dong,alighting,41,220,170,318,503,563,372,349,397,375,325,283,307,242,222,185,246,117,63,44
2023.12.31,7,2734,Nonhyeon,boarding,106,104,102,132,223,187,196,243,302,281,393,424,427,407,351,353,445,376,197,31
2023.12.31,7,2734,Nonhyeon,alighting,16,114,127,206,371,337,278,365,363,370,379,447,423,395,296,305,287,184,191,62
2023.12.31,7,2735,Banpo,boarding,17,57,34,59,91,119,139,164,170,218,245,274,266,297,192,173,210,155,52,5
2023.12.31,7,2735,Banpo,alighting,11,103,84,156,287,237,195,227,223,220,218,192,161,138,127,101,98,88,55,14
2023.12.31,7,2736,Express Bus Terminal,boarding,33,54,192,227,406,452,645,561,770,748,945,934,856,922,768,840,674,547,139,37
2023.12.31,7,2736,Express Bus Terminal,alighting,65,392,253,369,516,588,636,561,696,595,496,572,520,417,368,403,325,177,93,60
2023.12.31,7,2737,Naebang,boarding,27,125,102,150,297,335,316,423,435,414,364,476,424,306,272,239,232,204,68,39
2023.12.31,7,2737,Naebang,alighting,19,133,121,224,340,370,273,328,327,371,347,338,392,441,312,241,262,207,157,110
2023.12.31,7,2738,Isu,boarding,93,124,130,235,344,432,447,581,596,703,653,698,549,556,456,500,503,487,266,87
2023.12.31,7,2738,Isu,alighting,16,127,122,201,362,519,453,461,505,531,650,731,700,690,556,484,376,437,220,121
2023.12.31,7,2739,Namseong,boarding,90,154,172,357,524,554,472,604,473,496,464,420,339,254,202,178,187,178,74,19
2023.12.31,7,2739,Namseong,alighting,35,90,91,135,195,309,235,219,325,359,407,440,510,502,408,357,355,343,209,104
2023.12.31,7,2740,Soongsil Univ.(Salpijae),boarding,71,125,182,301,444,518,482,539,498,505,506,420,365,284,247,232,217,177,69,28
2023.12.31,7,2740,Soongsil Univ.(Salpijae),alighting,16,104,83,111,166,261,194,272,349,383,391,453,519,507,409,376,387,443,294,182
2023.12.31,7,2741,Sangdo,boarding,91,128,122,279,406,415,426,549,477,477,416,451,389,320,262,176,185,163,99,33
2023.12.31,7,2741,Sangdo,alighting,28,84,67,146,197,291,177,211,347,326,346,365,485,431,343,343,348,306,263,132
2023.12.31,7,2742,Jangseungbaegi,boarding,71,97,127,268,366,376,321,378,373,347,314,284,317,195,161,162,151,141,47,27
2023.12.31,7,2742,Jangseungbaegi,alighting,19,84,80,132,194,195,205,219,275,277,335,316,336,340,296,251,278,212,165,72
2023.12.31,7,2743,Sindaebangsamgeori,boarding,149,174,230,400,620,619,628,671,677,660,553,563,532,388,338,276,286,251,97,44
2023.12.31,7,2743,Sindaebangsamgeori,alighting,19,109,139,175,263,405,302,394,447,433,552,612,634,662,550,458,461,454,281,177
2023.12.31,7,2744,Boramae,boarding,54,74,75,148,202,224,205,264,290,304,250,272,242,170,135,130,117,97,48,14
2023.12.31,7,2744,Boramae,alighting,17,43,33,81,179,188,213,187,180,189,225,260,239,253,205,174,197,188,135,46
2023.12.31,7,2745,Sinpung,boarding,132,143,193,394,505,504,520,612,563,555,387,432,330,296,215,173,167,157,49,52
2023.12.31,7,2745,Sinpung,alighting,33,109,129,232,360,529,420,370,311,341,353,438,424,444,365,293,362,291,190,138
2023.12.31,7,2746,Daerim (Guro-gu Office),boarding,114,127,161,303,411,518,553,682,771,1004,1106,1181,1168,833,679,640,493,372,176,50
2023.12.31,7,2746,Daerim (Guro-gu Office),alighting,18,94,95,227,417,1558,1984,907,908,825,732,735,643,540,345,318,387,295,158,54
2023.12.31,7,2747,Namguro,boarding,180,180,234,431,525,643,512,572,603,527,519,549,546,429,352,313,253,187,113,32
2023.12.31,7,2747,Namguro,alighting,29,108,137,227,327,629,740,487,498,447,501,515,583,507,486,357,427,406,254,67
2023.12.31,7,2748,Gasan Digital Complex,boarding,104,109,153,255,354,352,442,526,625,814,868,991,987,870,609,520,553,271,101,12
2023.12.31,7,2748,Gasan Digital Complex,alighting,38,131,127,271,460,546,779,762,765,881,885,634,488,491,381,289,249,262,159,48
2023.12.31,7,2749,Cheolsan,boarding,157,169,275,444,694,766,739,849,862,821,803,825,685,808,489,517,418,407,160,34
2023.12.31,7,2749,Cheolsan,alighting,67,122,159,270,562,579,520,588,623,699,723,867,829,951,748,706,691,677,454,119
2023.12.31,7,2750,Gwangmyeongsageori,boarding,238,233,286,573,711,896,820,1014,1043,1079,1136,1121,1036,790,848,496,425,325,133,47
2023.12.31,7,2750,Gwangmyeongsageori,alighting,55,165,186,294,524,821,852,1029,1126,1111,1037,1045,994,869,793,548,566,533,332,103
2023.12.31,7,2751,Cheonwang,boarding,100,131,212,325,489,513,423,460,468,459,389,407,285,262,168,160,189,131,46,13
2023.12.31,7,2751,Cheonwang,alighting,20,100,73,134,162,206,170,241,324,317,461,421,470,419,341,359,387,255,178,84
2023.12.31,7,2752,Onsu(Sungkonghoe Univ.),boarding,90,89,141,270,332,382,298,420,347,301,299,252,247,185,167,140,162,97,30,16
2023.12.31,7,2752,Onsu(Sungkonghoe Univ.),alighting,18,43,102,144,160,215,119,175,206,272,277,266,326,329,264,229,249,263,163,232
2023.12.31,8,2811,Amsa,boarding,202,219,360,559,778,802,745,866,779,786,747,655,618,508,375,317,312,242,120,28
2023.12.31,8,2811,Amsa,alighting,21,89,128,179,238,290,292,376,508,575,640,690,816,729,697,687,581,598,292,244
2023.12.31,8,2812,Cheonho(Pungnaptoseong),boarding,135,181,263,401,524,512,596,644,651,708,693,747,757,733,535,492,394,307,252,92
2023.12.31,8,2812,Cheonho(Pungnaptoseong),alighting,22,136,143,220,475,551,520,743,805,845,836,869,1005,921,671,655,548,595,343,407
2023.12.31,8,2813,Gangdong-gu Office,boarding,61,113,141,247,372,389,368,460,413,377,410,380,340,251,183,166,236,155,66,8
2023.12.31,8,2813,Gangdong-gu Office,alighting,14,83,99,145,178,284,181,269,303,285,323,388,405,456,369,225,333,234,190,124
2023.12.31,8,2814,Mongchontoseong(World Peace Gate),boarding,28,54,67,152,189,254,245,290,278,316,259,301,259,249,169,169,165,145,82,142
2023.12.31,8,2814,Mongchontoseong(World Peace Gate),alighting,24,108,86,117,137,246,211,181,239,230,253,277,397,288,295,213,210,188,127,66
2023.12.31,8,2815,Jamsil (Songpa-gu Office),boarding,41,74,73,100,175,219,283,421,667,849,1159,1459,1447,1655,1546,1443,1417,908,295,1274
2023.12.31,8,2815,Jamsil (Songpa-gu Office),alighting,40,151,220,453,761,1073,1233,1442,1645,1729,1647,1604,1390,1238,766,702,582,697,945,181
2023.12.31,8,2816,Seokchon,boarding,49,68,74,129,250,294,288,279,344,394,373,354,352,321,265,284,291,218,119,356
2023.12.31,8,2816,Seokchon,alighting,10,71,75,141,246,316,297,464,441,479,483,487,582,485,455,340,326,300,354,192
2023.12.31,8,2817,Songpa,boarding,50,96,136,206,346,428,391,483,452,463,362,437,341,266,193,161,167,132,71,35
2023.12.31,8,2817,Songpa,alighting,11,51,63,109,190,243,197,234,315,348,340,461,419,412,314,302,290,225,146,109
2023.12.31,8,2818,Garak Market,boarding,46,70,71,109,161,200,244,287,313,340,375,319,331,297,275,260,218,189,111,23
2023.12.31,8,2818,Garak Market,alighting,23,79,124,160,181,242,268,313,327,352,345,440,461,361,307,188,169,144,99,174
2023.12.31,8,2819,Munjeong,boarding,35,65,99,193,237,292,341,432,399,436,366,381,390,339,272,302,337,279,152,27
2023.12.31,8,2819,Munjeong,alighting,29,85,97,148,234,306,250,307,289,296,318,420,369,442,329,272,333,233,187,184
2023.12.31,8,2820,Jangji,boarding,75,130,166,308,479,500,496,668,710,668,797,828,965,761,608,600,590,367,159,14
2023.12.31,8,2820,Jangji,alighting,41,139,292,326,438,532,537,629,635,783,681,678,673,693,396,372,394,285,235,200
2023.12.31,8,2821,Bokjeong,boarding,40,81,127,240,288,358,285,567,322,416,322,318,347,255,202,155,543,138,199,23
2023.12.31,8,2821,Bokjeong,alighting,33,102,90,234,184,481,178,370,205,296,254,225,268,402,339,222,306,204,106,207
2023.12.31,8,2822,Sanseong,boarding,70,73,101,205,242,308,252,327,260,257,257,242,207,168,122,126,106,76,38,2
2023.12.31,8,2822,Sanseong,alighting,17,42,48,68,127,131,129,154,176,208,222,231,278,294,220,235,285,213,134,105
2023.12.31,8,2823,Namhansanseong(Seongnam Court & Prosecutors' Office),boarding,162,182,259,419,647,594,578,615,591,500,521,446,380,321,235,192,175,154,66,5
2023.12.31,8,2823,Namhansanseong(Seongnam Court & Prosecutors' Office),alighting,33,93,98,108,147,235,177,266,293,316,379,428,483,508,450,444,516,418,245,132
2023.12.31,8,2824,Dandaeogeori,boarding,114,158,229,362,560,485,518,558,538,429,450,423,386,341,270,188,196,199,70,12
2023.12.31,8,2824,Dandaeogeori,alighting,37,117,101,137,185,171,189,270,269,342,393,452,520,557,425,422,535,396,294,182
2023.12.31,8,2825,Sinheung,boarding,52,54,88,171,261,213,196,251,258,241,264,261,237,204,163,169,148,106,65,7
2023.12.31,8,2825,Sinheung,alighting,11,41,43,74,88,125,155,243,280,258,222,286,321,322,208,212,193,178,111,86
2023.12.31,8,2826,Sujin,boarding,64,85,97,205,295,240,226,245,384,362,272,269,215,162,165,86,87,98,50,33
2023.12.31,8,2826,Sujin,alighting,5,45,97,72,190,190,245,157,263,225,192,191,197,222,232,191,171,183,134,73
2023.12.31,8,2827,Moran,boarding,36,68,65,94,132,139,166,211,265,220,206,209,210,187,144,130,130,145,93,8
2023.12.31,8,2827,Moran,alighting,14,72,50,49,96,125,113,167,187,152,182,213,190,235,185,190,202,199,106,262
2023.12.31,8,2828,Namwirye ,boarding,20,52,56,108,154,200,237,266,302,265,292,309,260,209,121,135,228,178,77,17
2023.12.31,8,2828,Namwirye ,alighting,19,53,68,112,136,165,135,181,205,220,229,272,274,293,254,204,182,187,115,115
2024.1.1,1,150,Seoul Station,boarding,383,257,308,975,1528,1720,2243,2970,2713,1962,2716,2882,2871,2685,2922,2031,2279,1729,868,43
2024.1.1,1,150,Seoul Station,alighting,249,867,834,1201,1744,1731,2188,2707,2605,2350,2615,2501,2829,2095,1833,1465,1031,585,298,82
2024.1.1,1,151,City Hall,boarding,188,92,167,245,322,357,503,596,589,714,935,1003,978,1116,951,909,723,462,176,3
2024.1.1,1,151,City Hall,alighting,103,276,292,451,614,575,754,923,983,796,834,697,670,564,351,302,272,120,89,38
2024.1.1,1,152,Jonggak,boarding,970,374,193,205,260,344,620,848,870,1109,1383,1578,1435,1422,1287,1318,1106,775,274,8
2024.1.1,1,152,Jonggak,alighting,87,240,290,547,742,885,1211,1437,1329,1337,1114,1053,964,685,458,288,237,157,107,23
2024.1.1,1,153,Jongno 3(sam)ga,boarding,480,200,145,175,258,424,749,1068,1086,1160,1480,1588,1338,1063,907,866,651,522,142,7
2024.1.1,1,153,Jongno 3(sam)ga,alighting,78,166,151,265,481,827,1262,1540,1561,1242,1096,914,649,461,304,204,184,138,86,41
2024.1.1,1,154,Jongno 5(o)ga,boarding,84,68,93,124,222,354,654,994,1214,1287,1321,1231,1035,846,603,481,378,161,50,0
2024.1.1,1,154,Jongno 5(o)ga,alighting,16,106,134,230,387,716,1048,1209,1244,1173,953,934,653,394,321,208,198,143,92,21
2024.1.1,1,155,Dongdaemun,boarding,310,182,143,245,390,388,512,607,817,827,815,760,631,518,442,309,281,172,118,7
2024.1.1,1,155,Dongdaemun,alighting,85,176,123,137,236,456,621,779,746,693,654,638,533,427,334,298,306,265,158,38
2024.1.1,1,156,Sinseoldong,boarding,123,130,105,205,286,325,482,553,587,664,617,559,409,294,240,183,168,124,48,2
2024.1.1,1,156,Sinseoldong,alighting,38,154,107,139,241,303,428,470,526,468,507,415,461,453,375,359,377,335,213,60
2024.1.1,1,157,Jegidong,boarding,81,114,122,200,276,446,643,752,937,932,1171,919,647,496,438,267,151,105,18,6
2024.1.1,1,157,Jegidong,alighting,48,106,127,196,420,524,771,1080,1205,1009,938,705,626,348,314,343,235,192,150,28
2024.1.1,1,158,Cheongnyangni(University of Seoul),boarding,165,162,223,309,493,640,786,952,1132,1234,1317,1394,1121,757,492,418,250,195,70,3
2024.1.1,1,158,Cheongnyangni(University of Seoul),alighting,53,169,170,278,423,614,970,1198,1244,1426,1237,1045,869,602,485,488,466,363,207,66
2024.1.1,1,159,Dongmyo,boarding,67,67,85,99,176,324,480,706,1075,1196,1328,1167,731,343,160,116,78,65,23,1
2024.1.1,1,159,Dongmyo,alighting,24,80,80,151,289,579,1018,1265,1345,1159,1008,566,326,212,169,155,180,175,107,61
2024.1.1,2,201,City Hall,boarding,74,105,103,137,205,245,419,530,567,628,895,763,758,748,610,609,596,342,156,1
2024.1.1,2,201,City Hall,alighting,30,119,183,268,318,336,464,404,469,530,523,403,489,447,271,229,225,172,127,8
2024.1.1,2,202,Euljiro 1(il)ga,boarding,229,176,135,209,410,539,868,983,1108,1428,1595,1772,1960,2081,1723,1827,1419,1286,544,2
2024.1.1,2,202,Euljiro 1(il)ga,alighting,135,396,462,856,1031,1137,1114,1373,1419,1576,1486,1749,1567,1240,961,835,611,472,217,165
2024.1.1,2,203,Euljiro 3(sam)ga,boarding,135,97,112,113,182,630,552,763,658,626,570,720,809,659,587,691,777,420,238,0
2024.1.1,2,203,Euljiro 3(sam)ga,alighting,29,176,237,418,535,634,691,487,488,550,678,668,771,666,443,382,327,309,177,0
2024.1.1,2,204,Euljiro 4(sa)ga,boarding,39,49,72,110,200,254,370,397,401,391,385,425,352,368,247,172,132,105,46,0
2024.1.1,2,204,Euljiro 4(sa)ga,alighting,21,118,96,106,143,281,328,369,367,425,353,319,303,293,214,200,252,203,139,0
2024.1.1,2,205,Dongdaemun History & Culture Park(DDP),boarding,174,184,153,179,292,451,501,586,617,696,744,763,890,753,676,594,533,499,189,1
2024.1.1,2,205,Dongdaemun History & Culture Park(DDP),alighting,59,205,197,250,296,502,548,701,744,835,854,865,835,705,578,539,472,454,269,2
2024.1.1,2,206,Sindang,boarding,118,195,164,205,334,307,311,466,499,588,599,577,621,421,316,284,267,237,100,0
2024.1.1,2,206,Sindang,alighting,48,200,133,170,266,328,389,524,602,577,593,621,677,625,492,415,398,337,231,1
2024.1.1,2,207,Sangwangsimni,boarding,105,157,144,224,334,366,440,436,404,476,450,392,412,350,239,214,209,113,44,0
2024.1.1,2,207,Sangwangsimni,alighting,52,156,112,158,196,199,229,287,341,339,418,476,529,491,455,400,439,348,220,0
2024.1.1,2,208,Wangsimni(Seongdong-gu Office),boarding,191,147,133,246,267,328,361,448,456,458,522,528,495,436,386,434,439,384,209,0
2024.1.1,2,208,Wangsimni(Seongdong-gu Office),alighting,78,230,128,163,273,241,282,378,436,473,546,596,634,592,504,485,435,396,267,1
2024.1.1,2,209,Hanyang Univ.,boarding,37,48,56,62,56,69,113,117,139,138,133,161,180,151,105,93,85,96,40,0
2024.1.1,2,209,Hanyang Univ.,alighting,25,95,52,54,69,98,130,129,148,191,131,148,166,148,118,132,161,132,108,0
2024.1.1,2,210,Ttukseom,boarding,84,148,109,161,184,278,355,446,562,757,762,861,885,872,822,774,612,360,97,0
2024.1.1,2,210,Ttukseom,alighting,31,185,117,183,364,605,839,805,851,762,942,865,785,597,350,289,262,208,154,1
2024.1.1,2,211,Seongsu,boarding,146,132,161,209,303,317,476,582,718,1152,1397,1621,1841,1604,1480,1447,1195,720,240,0
2024.1.1,2,211,Seongsu,alighting,33,273,225,334,458,838,1181,1653,1724,2137,2019,1753,1545,1117,661,442,362,274,338,79
2024.1.1,2,212,Konkuk Univ.,boarding,1799,1284,756,679,823,837,939,996,1259,1244,1432,1674,1631,1567,1551,1758,1880,1738,923,4
2024.1.1,2,212,Konkuk Univ.,alighting,100,431,293,372,521,681,1034,1324,1522,1722,1794,2238,2331,2212,1854,1540,1450,1227,696,96
2024.1.1,2,213,Guui (Gwangjin-gu Office),boarding,210,296,303,456,657,584,694,743,707,779,719,757,647,539,465,373,304,253,116,0
2024.1.1,2,213,Guui (Gwangjin-gu Office),alighting,47,354,200,249,297,287,384,479,542,586,689,873,879,902,766,780,812,640,419,3
2024.1.1,2,214,Gangbyeon (Dongseoul Bus Terminal),boarding,145,176,286,534,757,1008,1265,1234,1559,1526,1642,1866,1785,1992,1772,1838,1364,822,311,0
2024.1.1,2,214,Gangbyeon (Dongseoul Bus Terminal),alighting,129,610,476,530,603,768,841,1021,1201,1510,1422,1609,1399,1392,1101,918,692,576,358,0
2024.1.1,2,215,Jamsillaru,boarding,63,92,102,194,210,282,320,386,351,376,393,368,331,251,169,179,109,93,40,0
2024.1.1,2,215,Jamsillaru,alighting,57,172,139,120,160,189,229,233,274,294,305,365,383,381,260,243,225,226,127,0
2024.1.1,2,216,Jamsil (Songpa-gu Office),boarding,864,551,469,743,901,1147,1660,1983,2344,2984,3322,3916,4345,4330,3591,3671,3595,2399,515,0
2024.1.1,2,216,Jamsil (Songpa-gu Office),alighting,294,754,732,1199,1714,2051,2876,3071,3600,3378,3461,3473,3157,2710,1932,1568,1453,1260,616,0
2024.1.1,2,217,Jamsilsaenae,boarding,250,225,202,319,383,480,658,708,756,687,653,715,684,648,631,498,513,497,244,0
2024.1.1,2,217,Jamsilsaenae,alighting,36,167,144,233,369,300,424,531,752,752,897,889,892,979,755,637,575,466,276,0
2024.1.1,2,218,Sports Complex,boarding,44,95,84,130,124,134,143,214,225,272,220,195,337,1065,165,121,77,93,19,2
2024.1.1,2,218,Sports Complex,alighting,42,144,108,115,144,136,158,221,254,545,1078,279,245,224,185,172,147,149,81,0
2024.1.1,2,219,Samseong (World Trade Center Seoul),boarding,106,134,157,198,224,353,500,688,967,1226,1571,1903,2232,1884,1446,1413,1414,901,156,0
2024.1.1,2,219,Samseong (World Trade Center Seoul),alighting,47,413,483,651,825,978,1200,1548,1648,1478,1585,1296,1168,883,523,400,293,222,121,155
2024.1.1,2,220,Seolleung,boarding,133,258,199,255,269,465,553,665,743,705,770,811,790,779,607,678,797,743,209,0
2024.1.1,2,220,Seolleung,alighting,72,322,355,477,578,527,471,605,645,642,536,607,634,585,506,445,427,387,186,38
2024.1.1,2,221,Yeoksam,boarding,89,211,165,234,277,463,445,865,499,519,516,561,593,591,460,494,507,374,123,0
2024.1.1,2,221,Yeoksam,alighting,75,321,323,548,623,751,458,536,566,561,544,521,561,501,453,530,399,363,195,0
2024.1.1,2,222,Gangnam,boarding,810,737,401,449,475,595,874,1028,1178,1482,1683,1843,2106,1780,1795,2023,2192,1965,942,4
2024.1.1,2,222,Gangnam,alighting,140,539,514,709,1200,1097,1207,1506,1732,1700,1883,1889,1971,1965,1399,1097,922,672,438,2
2024.1.1,2,223,Seoul Nat'l Univ. of Education(Court & Prosecutors’ Office),boarding,57,198,147,161,175,278,317,425,444,524,502,534,531,485,488,484,510,340,139,0
2024.1.1,2,223,Seoul Nat'l Univ. of Education(Court & Prosecutors’ Office),alighting,82,281,223,405,568,521,456,516,550,543,527,645,673,584,413,372,390,323,194,12
2024.1.1,2,224,Seocho,boarding,48,139,103,142,179,182,219,256,312,350,354,357,388,284,263,305,251,155,63,0
2024.1.1,2,224,Seocho,alighting,36,198,125,197,239,201,197,230,259,231,207,246,261,258,189,219,194,176,86,0
2024.1.1,2,225,Bangbae,boarding,63,138,105,131,160,230,223,313,309,361,336,316,327,243,185,241,274,179,89,0
2024.1.1,2,225,Bangbae,alighting,58,157,120,165,261,240,192,247,225,307,308,317,362,336,263,289,238,252,127,0
2024.1.1,2,226,Sadang,boarding,253,364,339,422,627,764,863,973,1088,1202,1327,1361,1366,1281,1222,1198,1054,829,379,0
2024.1.1,2,226,Sadang,alighting,108,795,331,402,716,801,888,1077,1091,1062,1248,1381,1566,1512,1125,1073,1055,866,618,46
2024.1.1,2,227,Nakseongdae(Ganggamchan),boarding,202,300,375,457,665,606,864,844,944,827,897,845,867,630,450,411,385,273,95,0
2024.1.1,2,227,Nakseongdae(Ganggamchan),alighting,87,338,232,261,360,394,416,537,651,795,991,1042,1000,1116,1096,1142,1083,951,622,3
2024.1.1,2,228,Seoul Nat‘l Univ. (Gwanak-gu Office),boarding,439,541,481,729,829,989,1084,1311,1441,1354,1440,1465,1360,1195,942,844,813,675,334,3
2024.1.1,2,228,Seoul Nat‘l Univ. (Gwanak-gu Office),alighting,145,546,364,524,632,745,800,1082,1177,1325,1560,1651,1899,1794,1695,1483,1600,1369,769,364
2024.1.1,2,229,Bongcheon,boarding,228,294,303,462,652,804,685,768,782,851,704,713,690,484,399,324,286,225,86,0
2024.1.1,2,229,Bongcheon,alighting,61,216,235,248,353,384,515,541,562,677,785,893,900,838,700,717,888,671,383,33
2024.1.1,2,230,Sillim,boarding,678,876,957,1212,1444,1492,1703,1930,1868,1915,1935,1923,1842,1514,1268,1150,1043,784,413,3
2024.1.1,2,230,Sillim,alighting,237,746,459,603,863,938,1081,1306,1502,1754,1969,2232,2475,2278,2218,2287,2145,1914,1349,4
2024.1.1,2,231,Sindaebang,boarding,334,422,444,767,980,908,993,936,852,893,927,827,696,657,425,395,293,241,69,2
2024.1.1,2,231,Sindaebang,alighting,106,330,201,285,396,393,479,589,635,714,870,972,1071,1052,914,1063,1204,902,616,0
2024.1.1,2,232,Guro Digital Complex,boarding,574,614,638,986,1243,1173,1327,1515,1430,1486,1489,1475,1423,1260,1004,850,723,490,194,0
2024.1.1,2,232,Guro Digital Complex,alighting,189,501,344,522,654,744,962,1118,1303,1482,1443,1536,1611,1667,1392,1411,1593,1431,796,0
2024.1.1,2,233,Daerim (Guro-gu Office),boarding,347,391,482,833,986,878,869,859,982,1074,1098,986,824,772,602,482,309,243,159,3
2024.1.1,2,233,Daerim (Guro-gu Office),alighting,101,245,218,328,500,825,1313,1012,850,937,934,960,914,797,706,776,990,797,490,7
2024.1.1,2,234,Sindorim,boarding,528,473,476,627,869,960,1158,1413,1432,1549,1534,1585,1555,1296,1095,945,818,525,214,8
2024.1.1,2,234,Sindorim,alighting,237,456,376,582,661,974,1036,1209,1372,1484,1557,1695,1635,1540,1249,1182,1080,968,781,202
2024.1.1,2,235,Mullae,boarding,90,186,137,191,218,270,338,401,412,405,431,411,452,403,354,373,402,304,130,0
2024.1.1,2,235,Mullae,alighting,63,169,152,251,298,268,338,407,467,486,468,629,610,473,375,301,298,234,150,5
2024.1.1,2,236,Yeongdeungpo-gu Office,boarding,108,160,152,228,279,312,364,471,455,406,431,437,422,433,318,300,304,198,107,2
2024.1.1,2,236,Yeongdeungpo-gu Office,alighting,81,167,136,261,260,307,313,373,394,459,524,502,546,466,339,419,322,295,225,18
2024.1.1,2,237,Dangsan,boarding,107,146,147,454,348,323,404,516,447,499,512,541,500,396,309,340,279,218,107,5
2024.1.1,2,237,Dangsan,alighting,73,379,273,201,279,244,286,372,356,391,464,528,596,605,516,470,407,336,311,16
2024.1.1,2,238,Hapjeong,boarding,1111,680,419,508,465,552,667,762,861,925,1005,1091,1228,1055,1096,1331,1232,1037,506,0
2024.1.1,2,238,Hapjeong,alighting,127,274,271,318,543,679,907,1109,1316,1451,1369,1387,1632,1225,928,833,629,548,362,48
2024.1.1,2,239,Hongik Univ.,boarding,5080,2889,1803,1319,1192,1234,1643,1874,2036,2759,3158,3912,4185,4151,4197,4462,4849,4612,2138,12
2024.1.1,2,239,Hongik Univ.,alighting,281,561,466,656,1175,1633,3043,4404,4663,4863,5171,4984,4777,3962,3072,2588,1987,1529,1030,289
2024.1.1,2,240,Sinchon,boarding,707,524,374,402,493,577,895,1149,1073,1179,1230,1392,1417,1242,1049,1186,1313,1257,459,0
2024.1.1,2,240,Sinchon,alighting,132,288,279,392,554,739,902,1055,1321,1406,1330,1399,1607,1371,1058,947,895,820,472,0
2024.1.1,2,241,Ewha Womans Univ.,boarding,102,140,156,188,250,313,369,440,476,484,539,477,537,389,296,250,196,254,99,0
2024.1.1,2,241,Ewha Womans Univ.,alighting,54,134,96,146,236,314,383,451,449,514,574,634,611,501,451,561,522,493,324,0
2024.1.1,2,242,Ahyeon,boarding,75,110,118,143,228,299,348,408,353,345,353,335,305,241,187,134,119,83,36,2
2024.1.1,2,242,Ahyeon,alighting,26,96,82,120,154,127,196,203,244,292,322,369,375,330,322,327,305,269,160,0
2024.1.1,2,243,Chungjeongno (Kyonggi Univ.),boarding,97,107,66,132,143,228,266,207,257,201,184,242,170,236,139,98,93,72,31,0
2024.1.1,2,243,Chungjeongno (Kyonggi Univ.),alighting,60,116,70,157,129,136,147,195,223,201,207,303,246,244,223,184,160,171,119,4
2024.1.1,2,244,Yongdap,boarding,32,37,38,61,93,105,98,118,124,140,161,115,118,112,52,32,36,34,19,2
2024.1.1,2,244,Yongdap,alighting,8,36,30,27,34,44,44,63,81,99,141,154,153,145,92,128,152,129,108,0
2024.1.1,2,245,Sindap,boarding,13,5,23,30,42,50,47,55,47,47,59,56,31,20,23,16,5,10,5,0
2024.1.1,2,245,Sindap,alighting,4,10,16,17,20,25,23,30,38,50,52,59,55,65,52,51,53,39,44,0
2024.1.1,2,246,Sinseoldong,boarding,34,16,26,40,56,103,112,195,209,260,259,216,136,95,56,75,51,27,8,3
2024.1.1,2,246,Sinseoldong,alighting,9,37,31,43,68,115,176,220,227,169,148,121,122,90,87,97,92,48,55,4
2024.1.1,2,247,Dorimcheon,boarding,17,19,13,14,34,220,48,24,22,34,32,24,30,25,11,9,21,10,2,3
2024.1.1,2,247,Dorimcheon,alighting,6,20,129,120,26,20,17,24,32,21,41,34,32,32,29,36,23,19,13,2
2024.1.1,2,248,Yangcheon-gu Office,boarding,80,79,93,150,170,215,229,240,235,237,171,165,161,126,99,55,46,38,16,0
2024.1.1,2,248,Yangcheon-gu Office,alighting,36,57,41,85,84,72,97,122,151,159,231,258,257,264,211,198,190,173,109,0
2024.1.1,2,249,Sinjeongnegeori,boarding,104,124,133,194,265,296,318,341,370,331,313,323,261,214,155,148,90,67,35,0
2024.1.1,2,249,Sinjeongnegeori,alighting,50,101,77,127,156,169,155,198,231,235,358,355,405,385,330,289,287,263,178,0
2024.1.1,2,250,Yongdu (Dongdaemun-gu Office),boarding,20,19,24,39,29,59,65,96,102,102,105,107,102,67,49,40,28,22,9,1
2024.1.1,2,250,Yongdu (Dongdaemun-gu Office),alighting,2,23,21,29,40,42,55,76,100,91,97,76,89,84,90,73,86,36,31,1
2024.1.1,3,309,Jichuk,boarding,39,83,79,114,147,201,228,225,254,232,296,261,195,196,120,109,122,74,28,0
2024.1.1,3,309,Jichuk,alighting,27,56,65,78,120,105,124,163,177,183,228,224,229,234,204,207,198,143,89,1
2024.1.1,3,310,Gupabal,boarding,175,238,237,341,367,465,553,757,740,908,960,1028,903,693,525,479,313,272,53,2
2024.1.1,3,310,Gupabal,alighting,28,266,216,311,606,535,684,810,729,853,875,849,806,662,619,562,469,365,345,56
2024.1.1,3,311,Yeonsinnae,boarding,400,532,523,689,927,961,1294,1275,1306,1314,1315,1214,1156,830,753,592,532,438,174,1
2024.1.1,3,311,Yeonsinnae,alighting,64,345,322,498,632,647,800,907,978,1043,1284,1478,1494,1339,1170,1040,1062,949,541,42
2024.1.1,3,312,Bulgwang,boarding,111,199,231,290,423,456,522,661,592,742,718,733,673,525,370,318,211,182,51,0
2024.1.1,3,312,Bulgwang,alighting,48,275,146,233,510,512,573,694,790,700,659,729,695,590,529,479,458,378,216,16
2024.1.1,3,313,Nokbeon,boarding,126,225,231,285,413,393,499,519,507,478,441,406,356,263,206,165,115,84,30,0
2024.1.1,3,313,Nokbeon,alighting,28,131,95,141,162,175,174,267,280,314,389,565,509,558,443,421,446,384,175,16
2024.1.1,3,314,Hongje,boarding,173,230,243,349,489,626,694,762,702,689,656,630,567,367,323,249,182,136,38,5
2024.1.1,3,314,Hongje,alighting,33,250,173,233,297,259,374,412,485,561,594,733,694,599,576,462,471,444,229,6
2024.1.1,3,315,Muakjae,boarding,51,80,64,174,166,180,144,161,166,139,169,124,100,77,62,52,37,28,13,0
2024.1.1,3,315,Muakjae,alighting,23,262,67,40,59,91,97,121,120,116,164,160,206,164,154,138,117,96,74,0
2024.1.1,3,316,Dongnimmun,boarding,88,117,94,283,265,213,291,314,291,298,283,227,232,135,84,87,81,52,10,0
2024.1.1,3,316,Dongnimmun,alighting,23,529,113,102,202,235,230,230,204,279,220,276,225,206,161,177,145,101,77,49
2024.1.1,3,317,Gyeongbokgung (Government Complex-Seoul),boarding,114,116,115,381,450,494,593,822,980,1464,1559,1930,1504,1030,828,612,493,256,101,0
2024.1.1,3,317,Gyeongbokgung (Government Complex-Seoul),alighting,32,794,295,484,908,1301,1541,1711,1909,1680,1507,905,776,516,395,246,191,210,76,7
2024.1.1,3,318,Anguk,boarding,70,94,75,143,196,305,551,752,871,1157,1544,1750,1698,1303,968,658,574,268,83,3
2024.1.1,3,318,Anguk,alighting,32,186,235,435,705,967,1574,1552,1713,1628,1225,1091,769,402,247,192,139,120,68,6
2024.1.1,3,319,Jongno 3(sam)ga,boarding,93,71,60,58,115,132,189,226,252,271,368,386,424,344,347,325,278,294,98,5
2024.1.1,3,319,Jongno 3(sam)ga,alighting,23,66,63,129,193,367,441,584,520,573,485,396,344,225,178,156,105,87,72,9
2024.1.1,3,320,Euljiro 3(sam)ga,boarding,51,66,56,69,142,307,293,283,354,286,307,298,308,288,201,284,252,166,82,0
2024.1.1,3,320,Euljiro 3(sam)ga,alighting,27,74,77,144,195,266,244,217,230,237,338,348,334,302,198,177,99,104,67,0
2024.1.1,3,322,Dongguk Univ.,boarding,49,90,73,195,290,233,212,270,269,357,427,413,482,496,293,324,169,189,41,0
2024.1.1,3,322,Dongguk Univ.,alighting,46,633,389,418,391,516,424,485,504,450,389,340,330,247,188,138,133,104,74,14
2024.1.1,3,323,Yaksu,boarding,160,178,159,221,343,384,339,405,434,401,416,422,407,316,290,236,206,153,86,4
2024.1.1,3,323,Yaksu,alighting,29,144,108,217,214,216,266,324,328,327,428,449,448,438,385,317,329,264,160,39
2024.1.1,3,324,Geumho,boarding,68,115,115,210,258,254,268,295,272,281,285,249,214,179,132,99,75,40,23,0
2024.1.1,3,324,Geumho,alighting,25,92,78,86,88,106,124,156,209,255,251,290,341,257,237,237,241,187,94,0
2024.1.1,3,325,Oksu,boarding,62,97,153,450,243,265,316,325,367,377,298,310,271,231,196,148,129,70,33,3
2024.1.1,3,325,Oksu,alighting,29,238,394,146,140,137,187,239,271,279,300,382,432,314,270,220,237,203,132,16
2024.1.1,3,326,Apgujeong,boarding,129,225,141,274,224,435,420,647,679,668,620,777,743,662,522,550,589,655,106,2
2024.1.1,3,326,Apgujeong,alighting,31,319,342,550,771,729,822,650,691,616,737,686,742,643,428,248,228,224,104,37
2024.1.1,3,327,Sinsa,boarding,380,384,251,213,239,293,298,348,565,516,659,737,775,773,651,769,895,657,242,0
2024.1.1,3,327,Sinsa,alighting,39,203,175,300,368,522,599,692,761,795,600,890,867,653,467,418,356,284,155,1
2024.1.1,3,328,Jamwon,boarding,26,89,68,78,99,133,132,134,133,189,156,166,164,132,78,78,82,38,11,0
2024.1.1,3,328,Jamwon,alighting,12,60,32,73,85,83,106,105,137,152,132,160,183,174,106,97,85,131,42,0
2024.1.1,3,329,Express Bus Terminal,boarding,144,144,269,382,603,915,1375,1834,2275,2914,3517,3953,3999,3677,3885,3756,3450,1652,713,0
2024.1.1,3,329,Express Bus Terminal,alighting,123,684,590,871,1140,1533,1645,2115,2459,2763,2637,2611,2443,1899,1603,1182,799,508,222,6
2024.1.1,3,330,Seoul Nat'l Univ. of Education(Court & Prosecutors’ Office),boarding,39,100,70,96,105,136,220,239,242,278,268,260,267,281,285,207,227,164,61,1
2024.1.1,3,330,Seoul Nat'l Univ. of Education(Court & Prosecutors’ Office),alighting,8,52,52,66,118,134,106,158,147,146,145,145,204,145,133,110,94,113,39,2
2024.1.1,3,331,Nambu Bus Terminal (Seoul Arts Center),boarding,71,164,183,260,397,502,762,900,919,931,1047,1088,1490,984,854,922,702,461,178,0
2024.1.1,3,331,Nambu Bus Terminal (Seoul Arts Center),alighting,22,456,287,459,485,575,602,797,997,905,950,960,934,921,869,606,393,299,184,0
2024.1.1,3,332,Yangjae (Seocho-gu Office),boarding,160,243,199,309,550,447,459,575,602,733,618,618,672,557,571,544,461,254,105,0
2024.1.1,3,332,Yangjae (Seocho-gu Office),alighting,18,359,582,517,580,576,461,582,581,600,606,714,786,849,745,641,477,458,243,27
2024.1.1,3,333,Maebong,boarding,41,90,73,105,144,142,164,184,248,221,260,272,245,228,162,180,236,94,37,1
2024.1.1,3,333,Maebong,alighting,21,107,103,160,201,185,202,216,238,176,244,221,284,214,187,140,125,115,82,6
2024.1.1,3,334,Dogok,boarding,22,31,18,48,67,76,84,80,96,132,96,105,115,117,79,101,89,86,28,2
2024.1.1,3,334,Dogok,alighting,20,52,75,98,118,106,96,102,82,110,106,109,121,107,73,85,76,48,43,30
2024.1.1,3,335,Daechi,boarding,58,151,117,143,154,203,197,265,328,282,271,374,394,339,218,186,297,754,67,2
2024.1.1,3,335,Daechi,alighting,24,151,253,234,234,199,213,281,323,259,240,326,405,329,236,162,194,149,102,0
2024.1.1,3,336,Hangnyeoul,boarding,12,20,22,28,19,31,44,62,51,58,50,56,59,45,18,24,20,15,7,1
2024.1.1,3,336,Hangnyeoul,alighting,7,33,17,33,32,36,35,38,43,47,50,40,30,55,36,33,22,27,16,0
2024.1.1,3,337,Daecheong,boarding,70,110,121,174,217,253,242,279,302,310,265,240,254,180,150,111,115,74,17,0
2024.1.1,3,337,Daecheong,alighting,25,101,78,115,127,119,163,178,210,246,269,288,333,379,259,261,234,239,130,15
2024.1.1,3,338,Irwon,boarding,40,74,114,153,181,171,220,266,253,246,249,326,252,171,99,101,85,71,26,0
2024.1.1,3,338,Irwon,alighting,28,166,158,81,134,157,156,221,193,254,216,250,246,258,181,161,201,167,90,7
2024.1.1,3,339,Suseo,boarding,91,90,181,337,393,761,615,777,749,560,814,815,769,748,488,617,409,470,210,0
2024.1.1,3,339,Suseo,alighting,42,238,310,403,410,453,431,589,566,627,664,735,768,804,582,564,549,347,120,14
2024.1.1,3,340,Garak Market,boarding,55,82,91,99,141,171,211,282,248,270,264,239,236,241,159,126,84,87,17,0
2024.1.1,3,340,Garak Market,alighting,9,101,69,101,150,161,174,215,227,221,251,282,261,235,163,130,141,138,79,18
2024.1.1,3,341,National Police Hospital,boarding,42,82,112,111,150,166,151,213,183,186,200,195,141,149,92,82,101,59,12,2
2024.1.1,3,341,National Police Hospital,alighting,4,68,50,84,146,144,122,141,154,146,179,211,270,170,193,163,129,147,109,14
2024.1.1,3,342,Ogeum,boarding,77,77,82,113,132,127,138,142,149,119,149,161,115,107,80,87,32,32,3,0
2024.1.1,3,342,Ogeum,alighting,1,57,44,53,66,58,73,100,103,123,135,145,172,162,147,143,122,172,92,23
2024.1.1,3,409,Danggogae,boarding,130,133,168,321,326,292,377,380,410,439,418,364,295,269,151,159,116,58,22,0
2024.1.1,3,409,Danggogae,alighting,4,252,133,139,208,225,216,238,231,273,311,365,366,348,313,288,253,266,160,22
2024.1.1,4,410,Sanggye,boarding,227,290,340,396,570,556,641,791,697,720,711,670,519,459,385,263,192,184,66,0
2024.1.1,4,410,Sanggye,alighting,13,364,144,251,313,354,325,457,417,463,581,598,674,645,537,530,473,438,346,0
2024.1.1,4,411,Nowon,boarding,446,538,361,481,582,632,763,912,1006,1016,1107,1084,1033,934,830,797,713,650,265,0
2024.1.1,4,411,Nowon,alighting,55,313,266,476,695,651,801,977,1011,1059,1230,1309,1300,1378,979,847,770,666,432,59
2024.1.1,4,412,Changdong,boarding,293,331,292,404,544,808,811,896,962,938,997,1098,1001,811,677,522,417,259,138,11
2024.1.1,4,412,Changdong,alighting,54,256,270,379,486,517,572,890,1039,1054,1125,1136,1018,983,707,723,597,559,424,87
2024.1.1,4,413,Ssangmun,boarding,349,457,472,633,841,849,860,1025,1072,1013,943,861,794,628,515,389,299,189,95,0
2024.1.1,4,413,Ssangmun,alighting,47,269,208,307,347,395,507,561,598,689,784,1041,1036,1022,797,830,921,882,539,5
2024.1.1,4,414,Suyu (Gangbuk-gu Office),boarding,348,529,568,804,954,1009,1051,1280,1335,1280,1321,1311,1175,1036,823,656,600,494,236,0
2024.1.1,4,414,Suyu (Gangbuk-gu Office),alighting,124,417,292,398,541,549,783,903,928,1127,1126,1402,1503,1414,1273,1217,1192,1093,701,0
2024.1.1,4,415,Mia (Seoul Cyber Univ.),boarding,172,193,237,311,433,517,498,501,555,530,515,443,443,329,260,209,174,118,43,0
2024.1.1,4,415,Mia (Seoul Cyber Univ.),alighting,48,134,145,174,217,243,307,315,337,422,463,557,582,523,426,389,436,375,255,0
2024.1.1,4,416,Miasageori ,boarding,240,344,390,606,726,822,906,945,1032,1012,946,991,864,657,542,448,393,293,118,0
2024.1.1,4,416,Miasageori ,alighting,54,300,243,255,420,458,538,684,738,865,882,993,1141,974,787,787,736,608,369,0
2024.1.1,4,417,Gireum,boarding,172,262,258,390,474,570,607,664,735,739,676,724,580,491,292,228,171,157,51,0
2024.1.1,4,417,Gireum,alighting,54,203,172,211,263,255,363,423,534,533,580,649,690,671,681,519,584,568,348,0
2024.1.1,4,418,Sungshin Women's Univ. (Donam),boarding,175,304,253,315,398,497,688,884,680,755,707,804,889,709,626,552,555,484,210,1
2024.1.1,4,418,Sungshin Women's Univ. (Donam),alighting,64,215,194,264,385,385,461,592,651,679,783,931,947,893,715,774,640,664,371,0
2024.1.1,4,419,Hansung Univ. (Samseongyo),boarding,132,143,152,244,299,342,415,458,498,502,560,499,448,311,268,222,212,153,68,0
2024.1.1,4,419,Hansung Univ. (Samseongyo),alighting,34,182,148,191,234,324,390,411,413,411,453,511,437,426,356,358,340,291,212,195
2024.1.1,4,420,Hyehwa,boarding,270,238,257,335,327,339,425,559,695,968,1472,2064,1964,1607,1646,2464,1850,1252,475,0
2024.1.1,4,420,Hyehwa,alighting,58,469,279,318,583,795,1263,2077,3286,1714,1810,1929,1867,977,697,553,535,434,280,7
2024.1.1,4,421,Dongdaemun,boarding,104,54,86,94,142,189,303,411,536,618,683,706,633,603,519,482,485,323,106,10
2024.1.1,4,421,Dongdaemun,alighting,25,92,118,133,268,477,549,745,771,653,618,526,485,382,287,238,168,138,63,7
2024.1.1,4,422,Dongdaemun History & Culture Park(DDP),boarding,228,244,205,260,487,595,661,698,680,710,870,934,963,923,751,720,662,539,250,1
2024.1.1,4,422,Dongdaemun History & Culture Park(DDP),alighting,48,237,229,271,337,428,492,617,763,731,734,698,620,603,475,436,442,304,227,24
2024.1.1,4,423,Chungmuro,boarding,153,178,227,344,443,617,782,752,732,679,770,810,825,741,593,570,473,305,159,0
2024.1.1,4,423,Chungmuro,alighting,53,644,386,353,463,514,799,765,961,903,861,794,723,670,507,488,562,554,310,21
2024.1.1,4,424,Myeongdong,boarding,78,101,186,420,713,1033,1283,1400,1595,1713,2303,2376,2411,2361,2114,2058,2100,1902,735,3
2024.1.1,4,424,Myeongdong,alighting,36,740,619,656,1210,1518,2003,2478,2863,2611,2940,2702,2359,2222,1625,1158,725,535,206,17
2024.1.1,4,425,Hoehyeon (Namdaemun Market),boarding,38,92,80,264,396,332,426,553,594,780,929,866,769,735,576,572,244,132,49,4
2024.1.1,4,425,Hoehyeon (Namdaemun Market),alighting,19,418,232,371,634,620,817,844,866,754,745,631,557,388,256,117,110,124,63,12
2024.1.1,4,426,Seoul Station,boarding,93,130,135,182,231,273,367,392,398,314,343,388,441,383,301,206,192,117,58,0
2024.1.1,4,426,Seoul Station,alighting,53,309,311,381,542,756,790,1054,921,832,1034,981,1132,856,745,585,506,374,210,37
2024.1.1,4,427,Sookmyung Women's Univ. (Garwol),boarding,102,184,133,197,223,343,318,458,381,335,418,405,357,425,302,309,258,236,112,0
2024.1.1,4,427,Sookmyung Women's Univ. (Garwol),alighting,28,106,120,162,143,209,233,289,336,370,428,462,462,466,336,337,329,280,156,0
2024.1.1,4,428,Samgakji,boarding,17,63,19,59,74,99,120,124,161,172,184,181,181,204,188,186,156,185,70,0
2024.1.1,4,428,Samgakji,alighting,29,80,107,93,115,131,150,210,264,192,273,283,335,270,141,133,162,92,57,3
2024.1.1,4,429,Sinyongsan,boarding,19,65,81,161,194,254,353,419,503,580,814,824,894,724,654,804,814,552,207,0
2024.1.1,4,429,Sinyongsan,alighting,25,174,199,259,406,446,568,651,790,806,861,809,782,551,414,374,203,155,57,0
2024.1.1,4,430,Ichon (National Museum of Korea),boarding,33,75,56,108,121,172,212,282,304,313,331,269,221,133,90,83,101,50,24,2
2024.1.1,4,430,Ichon (National Museum of Korea),alighting,25,96,102,151,153,208,167,220,277,271,351,241,194,191,161,187,106,94,81,1
2024.1.1,4,431,Dongjak (Seoul National Cemetery),boarding,7,12,53,256,47,65,83,85,82,76,85,119,101,68,25,37,19,21,15,2
2024.1.1,4,431,Dongjak (Seoul National Cemetery),alighting,4,74,209,84,115,83,100,88,108,114,100,89,76,56,48,48,22,15,24,6
2024.1.1,4,432,Chongshin Univ. (Isu),boarding,124,230,229,289,348,467,518,618,693,678,645,629,535,456,397,341,329,261,125,0
2024.1.1,4,432,Chongshin Univ. (Isu),alighting,30,164,146,271,330,367,422,537,623,732,847,949,802,770,501,487,479,328,226,23
2024.1.1,4,433,Sadang,boarding,193,253,246,324,463,652,709,870,866,956,888,916,907,744,654,731,536,442,159,2
2024.1.1,4,433,Sadang,alighting,51,387,207,254,439,480,647,663,696,753,898,1035,931,969,796,685,616,540,327,92
2024.1.1,4,434,Namtaeryeong,boarding,9,10,12,39,32,43,46,63,42,63,34,49,57,21,11,19,5,4,2,0
2024.1.1,4,434,Namtaeryeong,alighting,2,14,18,26,23,34,22,36,35,36,36,42,25,36,40,34,15,23,12,6
2024.1.1,4,2511,Banghwa,boarding,76,110,101,674,344,229,233,279,286,285,263,254,214,152,130,84,66,31,19,0
2024.1.1,4,2511,Banghwa,alighting,0,528,295,118,102,114,150,142,216,222,230,284,253,276,235,210,223,199,83,26
2024.1.1,5,2512,Gaehwasan,boarding,70,95,102,155,219,132,167,196,223,187,220,195,197,173,128,79,92,64,9,0
2024.1.1,5,2512,Gaehwasan,alighting,20,280,145,133,89,116,125,168,139,153,195,163,194,164,232,139,155,157,77,15
2024.1.1,5,2513,Gimpo Int'l Airport,boarding,13,34,49,103,226,207,329,374,451,568,763,668,673,585,597,444,487,397,129,4
2024.1.1,5,2513,Gimpo Int'l Airport,alighting,107,204,166,242,332,388,476,479,572,550,538,527,441,331,220,115,40,35,22,8
2024.1.1,5,2514,Songjeong,boarding,72,142,123,150,204,193,198,260,246,211,201,232,213,157,158,110,82,70,25,0
2024.1.1,5,2514,Songjeong,alighting,28,70,69,126,127,111,147,142,176,190,212,236,258,256,211,178,218,189,128,13
2024.1.1,5,2515,Magok,boarding,54,148,101,128,126,133,147,219,231,238,236,221,213,212,179,141,191,110,39,2
2024.1.1,5,2515,Magok,alighting,19,55,80,151,150,148,190,214,232,213,242,248,285,264,202,173,161,156,84,6
2024.1.1,5,2516,Balsan,boarding,139,210,197,196,221,257,353,511,485,608,777,681,673,614,529,556,613,484,182,0
2024.1.1,5,2516,Balsan,alighting,45,190,181,326,416,455,547,577,645,678,732,790,780,653,523,409,358,331,144,20
2024.1.1,5,2517,Ujangsan,boarding,130,263,172,257,328,325,397,468,539,467,411,467,351,303,229,182,157,87,35,0
2024.1.1,5,2517,Ujangsan,alighting,35,142,121,257,236,199,254,296,317,332,446,510,501,461,414,379,424,362,221,0
2024.1.1,5,2518,Hwagok,boarding,343,491,445,611,751,701,840,1054,940,943,820,799,823,700,465,427,322,223,111,0
2024.1.1,5,2518,Hwagok,alighting,39,262,236,366,446,334,454,571,617,721,872,1001,1067,1023,903,865,925,833,499,57
2024.1.1,5,2519,Kkachisan,boarding,387,497,484,686,885,841,991,1059,1068,969,939,841,759,601,449,402,352,244,77,3
2024.1.1,5,2519,Kkachisan,alighting,34,319,206,306,406,364,456,614,661,764,952,1218,1195,1229,1011,1015,982,878,517,47
2024.1.1,5,2520,Sinjeong(Eunhaengjeong),boarding,186,199,236,316,366,385,409,455,447,384,386,324,329,235,164,137,124,73,29,0
2024.1.1,5,2520,Sinjeong(Eunhaengjeong),alighting,24,116,97,121,177,145,167,269,245,235,385,400,469,441,381,389,394,366,190,25
2024.1.1,5,2521,Mok-dong,boarding,153,192,204,279,306,341,446,500,473,507,455,443,423,335,259,228,243,205,90,0
2024.1.1,5,2521,Mok-dong,alighting,30,111,124,190,240,194,262,318,354,332,483,534,599,566,434,434,497,389,214,28
2024.1.1,5,2522,Omokgyo(Mokdong Stadium),boarding,122,162,152,224,275,348,396,511,487,580,588,709,586,612,517,489,574,468,124,0
2024.1.1,5,2522,Omokgyo(Mokdong Stadium),alighting,43,157,167,336,476,434,462,515,545,613,752,755,796,672,508,385,357,294,196,27
2024.1.1,5,2523,Yangpyeong,boarding,51,84,85,107,114,126,154,163,192,139,168,155,136,110,65,94,76,45,22,0
2024.1.1,5,2523,Yangpyeong,alighting,16,59,38,82,86,97,119,126,152,139,163,193,200,192,184,196,173,156,109,16
2024.1.1,5,2524,Yeongdeungpo-gu Office,boarding,35,41,45,72,61,85,85,102,122,106,88,106,126,85,93,56,56,39,27,0
2024.1.1,5,2524,Yeongdeungpo-gu Office,alighting,9,45,31,61,56,60,52,88,86,100,102,122,133,147,81,75,100,67,48,0
2024.1.1,5,2525,Yeongdeungpo Market,boarding,94,83,95,132,150,165,231,314,285,297,383,542,509,378,274,239,176,163,47,1
2024.1.1,5,2525,Yeongdeungpo Market,alighting,20,90,105,140,187,185,277,474,573,469,384,385,297,267,282,227,250,180,121,2
2024.1.1,5,2526,Singil,boarding,47,71,90,89,144,212,128,163,138,130,132,141,136,101,80,69,70,53,37,0
2024.1.1,5,2526,Singil,alighting,24,37,34,71,59,76,82,85,118,118,161,179,167,154,169,227,227,185,123,5
2024.1.1,5,2527,Yeouido,boarding,67,62,106,123,105,113,193,275,314,422,443,481,548,498,398,346,339,232,40,2
2024.1.1,5,2527,Yeouido,alighting,42,172,175,333,301,290,388,518,521,514,440,549,469,286,209,173,122,100,62,31
2024.1.1,5,2528,Yeouinaru,boarding,41,76,102,469,133,88,240,335,317,427,440,463,504,419,339,316,291,228,77,0
2024.1.1,5,2528,Yeouinaru,alighting,39,286,467,157,284,251,284,338,467,506,468,448,420,340,242,179,125,117,57,3
2024.1.1,5,2529,Mapo,boarding,62,118,94,204,214,246,391,446,387,346,343,329,341,282,202,249,264,180,62,0
2024.1.1,5,2529,Mapo,alighting,24,117,150,178,262,223,236,313,263,300,329,365,417,361,318,268,270,234,131,0
2024.1.1,5,2530,Gongdeok,boarding,55,81,80,110,167,223,317,359,354,338,273,296,305,242,213,207,213,130,59,0
2024.1.1,5,2530,Gongdeok,alighting,21,94,99,158,139,161,213,252,243,311,320,346,413,335,258,230,199,176,107,3
2024.1.1,5,2531,Aeogae,boarding,70,74,64,95,144,137,170,169,209,183,168,161,168,89,74,54,47,47,19,0
2024.1.1,5,2531,Aeogae,alighting,7,46,64,75,108,80,99,131,131,149,165,198,155,199,156,152,134,118,62,57
2024.1.1,5,2532,Chungjeongno (Kyonggi Univ.),boarding,45,38,23,48,45,64,56,89,100,74,71,66,70,49,50,26,15,29,7,1
2024.1.1,5,2532,Chungjeongno (Kyonggi Univ.),alighting,2,33,32,42,31,40,47,59,53,54,63,53,81,71,62,77,64,65,38,6
2024.1.1,5,2533,Seodaemun,boarding,98,122,136,195,214,254,317,354,346,355,389,403,375,295,207,200,159,137,50,0
2024.1.1,5,2533,Seodaemun,alighting,41,160,151,276,233,254,291,329,345,326,281,290,304,257,222,216,222,145,105,7
2024.1.1,5,2534,Gwanghwamun(Sejong Center for the Performing Arts),boarding,103,106,117,143,173,325,406,669,840,1187,1563,1735,1680,1932,1805,1628,1228,670,163,2
2024.1.1,5,2534,Gwanghwamun(Sejong Center for the Performing Arts),alighting,26,280,273,547,709,938,1221,1578,1636,1573,1552,1461,1385,1132,611,319,199,83,28,9
2024.1.1,5,2535,Jongno 3(sam)ga,boarding,227,155,118,115,169,254,389,591,600,729,929,1015,958,857,656,682,646,504,191,0
2024.1.1,5,2535,Jongno 3(sam)ga,alighting,14,108,91,148,285,573,705,894,982,967,907,726,610,433,311,237,185,162,114,14
2024.1.1,5,2536,Euljiro 4(sa)ga,boarding,23,27,23,37,58,90,112,132,166,201,153,182,185,125,99,76,46,51,15,0
2024.1.1,5,2536,Euljiro 4(sa)ga,alighting,5,36,37,64,73,116,148,242,202,174,173,177,152,77,59,40,39,30,34,0
2024.1.1,5,2537,Dongdaemun History & Culture Park(DDP),boarding,14,28,22,28,48,77,109,75,55,45,46,55,82,75,56,39,26,22,23,0
2024.1.1,5,2537,Dongdaemun History & Culture Park(DDP),alighting,7,42,37,66,31,38,62,55,55,70,60,81,82,62,63,61,62,64,30,0
2024.1.1,5,2538,Cheonggu,boarding,38,54,32,57,87,117,89,97,131,144,97,122,108,98,46,44,47,33,25,0
2024.1.1,5,2538,Cheonggu,alighting,17,50,44,50,51,51,64,81,75,93,102,113,110,126,96,95,87,88,40,1
2024.1.1,5,2539,Singeumho,boarding,51,51,69,129,143,196,196,239,205,206,223,188,177,118,100,81,80,51,20,1
2024.1.1,5,2539,Singeumho,alighting,18,71,74,77,97,77,115,145,140,161,221,291,263,255,192,209,156,159,93,5
2024.1.1,5,2540,Haengdang,boarding,77,125,106,162,171,254,282,283,299,303,236,216,191,158,131,91,70,47,15,0
2024.1.1,5,2540,Haengdang,alighting,33,62,64,67,93,113,141,139,147,188,238,268,330,223,235,200,151,137,130,10
2024.1.1,5,2541,Wangsimni(Seongdong-gu Office),boarding,45,86,32,62,75,83,125,126,135,158,169,180,194,183,138,149,155,133,44,0
2024.1.1,5,2541,Wangsimni(Seongdong-gu Office),alighting,11,110,53,93,108,164,150,158,238,226,236,229,218,206,142,91,86,73,61,50
2024.1.1,5,2542,Majang,boarding,77,114,88,161,140,154,150,242,195,192,155,161,143,118,114,92,68,44,16,0
2024.1.1,5,2542,Majang,alighting,6,69,39,98,98,159,135,203,141,174,138,162,181,178,145,114,147,96,83,6
2024.1.1,5,2543,Dapsimni,boarding,147,289,220,296,384,416,447,457,483,462,547,584,449,353,260,221,190,137,71,0
2024.1.1,5,2543,Dapsimni,alighting,17,169,170,216,228,222,311,358,428,424,470,510,514,529,463,433,462,365,197,8
2024.1.1,5,2544,Janghanpyeong,boarding,152,293,205,273,379,398,431,535,526,543,461,472,464,365,263,277,199,172,53,3
2024.1.1,5,2544,Janghanpyeong,alighting,17,190,190,222,243,208,260,349,352,414,506,602,609,571,466,515,486,439,270,16
2024.1.1,5,2545,Gunja(Neung-dong),boarding,145,226,160,216,257,283,322,390,357,343,388,410,393,315,285,235,223,174,92,0
2024.1.1,5,2545,Gunja(Neung-dong),alighting,22,137,99,150,191,229,253,301,376,359,447,536,501,435,440,412,347,345,229,80
2024.1.1,5,2546,Achasan(Rear Entrance to Seoul Children's Grand Park),boarding,115,222,740,1058,1281,854,754,824,738,832,797,794,702,525,409,247,210,150,65,2
2024.1.1,5,2546,Achasan(Rear Entrance to Seoul Children's Grand Park),alighting,317,3086,588,314,350,504,582,660,641,594,583,620,556,528,428,334,417,316,192,23
2024.1.1,5,2547,Gwangnaru(Presbyterian University & Theological Seminary),boarding,91,192,256,665,573,475,396,479,491,555,542,546,470,341,273,233,226,133,53,0
2024.1.1,5,2547,Gwangnaru(Presbyterian University & Theological Seminary),alighting,120,1064,352,213,415,420,411,398,350,396,381,359,352,364,265,234,285,237,169,12
2024.1.1,5,2548,Cheonho(Pungnaptoseong),boarding,183,296,221,279,357,415,502,614,692,712,793,812,802,754,486,522,479,363,192,1
2024.1.1,5,2548,Cheonho(Pungnaptoseong),alighting,40,221,202,295,368,374,468,576,771,808,827,830,768,634,501,460,441,356,243,26
2024.1.1,5,2549,Gangdong,boarding,197,276,236,312,435,410,467,544,516,527,521,576,559,414,352,263,203,158,64,5
2024.1.1,5,2549,Gangdong,alighting,39,193,167,248,265,259,294,387,496,505,582,590,549,546,502,511,471,406,325,58
2024.1.1,5,2550,Gil-dong,boarding,110,144,123,143,178,242,259,307,286,286,272,286,269,210,176,127,155,113,55,3
2024.1.1,5,2550,Gil-dong,alighting,32,84,102,112,179,139,226,276,193,301,274,353,380,255,253,233,196,196,66,40
2024.1.1,5,2551,Gubeundari(Gangdong Community Center ),boarding,156,188,165,191,291,303,283,338,365,376,372,300,341,228,237,153,222,118,33,3
2024.1.1,5,2551,Gubeundari(Gangdong Community Center ),alighting,24,85,110,159,228,169,217,261,303,278,328,395,406,437,317,248,328,257,119,42
2024.1.1,5,2552,Myeongil,boarding,136,173,96,172,204,223,293,299,284,252,248,270,211,160,137,117,260,73,29,0
2024.1.1,5,2552,Myeongil,alighting,22,92,64,108,153,135,140,162,180,213,240,373,340,459,266,229,244,180,124,30
2024.1.1,5,2553,Godeok,boarding,77,120,111,147,144,197,247,273,342,326,333,305,308,234,183,154,157,107,37,2
2024.1.1,5,2553,Godeok,alighting,50,134,84,145,186,187,165,205,289,256,314,327,314,345,241,234,226,186,123,40
2024.1.1,5,2554,Sangil-dong,boarding,207,189,184,250,346,359,452,456,490,469,376,401,365,235,190,150,83,70,31,1
2024.1.1,5,2554,Sangil-dong,alighting,36,105,118,168,154,221,196,242,258,304,401,440,512,491,358,424,356,392,271,116
2024.1.1,5,2555,Dunchon-dong,boarding,94,108,113,154,177,196,247,226,256,291,259,251,258,202,151,146,110,72,45,0
2024.1.1,5,2555,Dunchon-dong,alighting,17,94,91,114,170,145,134,189,252,247,251,255,302,305,207,215,214,117,152,1
2024.1.1,5,2556,Olympic Park(Korea National Sport University),boarding,25,110,49,186,100,105,127,138,140,153,167,150,131,96,39,39,40,32,5,1
2024.1.1,5,2556,Olympic Park(Korea National Sport University),alighting,28,172,120,61,94,93,83,98,109,113,128,100,106,85,64,65,76,62,39,0
2024.1.1,5,2557,Bangi,boarding,63,93,82,82,137,157,190,230,224,182,215,207,171,152,125,127,175,142,36,0
2024.1.1,5,2557,Bangi,alighting,27,85,80,92,207,135,140,163,144,183,179,227,273,170,215,134,119,105,93,0
2024.1.1,5,2558,Ogeum,boarding,37,75,49,32,75,66,77,94,81,93,69,83,65,69,51,54,44,19,15,0
2024.1.1,5,2558,Ogeum,alighting,8,42,35,72,77,38,43,67,40,74,70,90,116,68,80,69,63,61,46,3
2024.1.1,5,2559,Gaerong,boarding,99,160,104,126,158,139,195,196,162,170,179,184,159,101,79,74,56,41,11,0
2024.1.1,5,2559,Gaerong,alighting,17,61,59,116,148,120,115,124,165,152,188,238,225,169,212,147,183,171,84,25
2024.1.1,5,2560,Geoyeo,boarding,126,203,163,171,218,228,278,298,277,241,251,277,233,190,156,120,112,61,18,1
2024.1.1,5,2560,Geoyeo,alighting,8,92,79,164,175,135,164,165,191,262,248,304,327,334,257,285,258,256,96,44
2024.1.1,5,2561,Macheon,boarding,127,154,155,162,211,200,253,247,238,234,220,207,223,130,102,81,60,44,15,0
2024.1.1,5,2561,Macheon,alighting,8,101,97,131,149,182,184,179,197,170,221,226,273,227,148,178,202,148,113,24
2024.1.1,5,2562,Gangil,boarding,77,83,89,113,167,165,215,228,231,206,208,197,141,128,62,51,43,37,11,2
2024.1.1,5,2562,Gangil,alighting,33,67,47,60,67,80,74,100,129,105,161,165,230,204,134,140,143,150,98,0
2024.1.1,5,2563,Misa,boarding,277,301,235,276,389,399,502,499,551,531,684,665,573,542,441,571,524,370,203,0
2024.1.1,5,2563,Misa,alighting,18,168,145,209,370,345,422,538,527,672,638,673,859,715,676,466,582,451,258,3
2024.1.1,5,2564,Hanam Pungsan,boarding,43,51,37,61,90,78,166,172,160,158,179,190,186,115,108,106,84,61,22,0
2024.1.1,5,2564,Hanam Pungsan,alighting,2,55,72,78,142,128,121,127,140,124,137,161,171,153,117,117,120,96,52,26
2024.1.1,5,2565,Hanam City Hall (Deokpung&Sinjang),boarding,97,88,96,142,189,271,289,307,309,299,276,283,277,234,199,151,106,62,30,1
2024.1.1,5,2565,Hanam City Hall (Deokpung&Sinjang),alighting,2,150,90,106,121,148,189,167,212,210,287,306,281,314,282,243,253,184,127,78
2024.1.1,5,2566,Hanam Geomdansan,boarding,92,62,102,128,180,223,246,289,278,367,401,417,413,349,281,230,233,162,34,0
2024.1.1,5,2566,Hanam Geomdansan,alighting,1,177,99,120,291,308,291,324,347,311,383,263,279,228,174,167,159,149,76,46
2024.1.1,5,2611,Eungam,boarding,190,287,312,373,536,563,594,658,633,667,576,575,517,419,286,246,207,162,61,2
2024.1.1,5,2611,Eungam,alighting,62,197,179,198,355,306,337,484,436,474,663,755,738,751,623,544,543,490,310,56
2024.1.1,6,2612,Yeokchon,boarding,36,87,59,99,100,126,127,171,149,149,116,129,128,87,53,44,46,33,8,0
2024.1.1,6,2612,Yeokchon,alighting,8,65,42,87,106,73,111,110,109,136,139,146,201,194,107,117,145,128,100,0
2024.1.1,6,2613,Bulgwang,boarding,27,68,56,76,86,101,112,162,169,230,235,242,262,178,132,146,92,65,12,1
2024.1.1,6,2613,Bulgwang,alighting,27,62,41,92,146,124,130,126,189,228,204,177,164,119,112,115,100,83,66,4
2024.1.1,6,2614,Dokbawi,boarding,53,45,58,71,80,102,79,83,106,104,87,84,93,60,40,25,17,17,5,3
2024.1.1,6,2614,Dokbawi,alighting,12,62,37,44,67,102,85,78,93,87,81,136,91,119,106,70,80,80,54,14
2024.1.1,6,2616,Gusan,boarding,92,121,129,187,213,230,268,320,272,253,293,247,199,151,140,96,74,45,16,0
2024.1.1,6,2616,Gusan,alighting,6,110,48,87,140,60,111,163,148,172,195,217,250,233,194,193,160,165,95,0
2024.1.1,6,2617,Saejeol(Sinsa),boarding,181,248,189,296,345,383,414,424,467,424,408,353,331,248,195,161,99,68,44,0
2024.1.1,6,2617,Saejeol(Sinsa),alighting,31,142,138,185,197,168,248,263,322,349,359,457,444,458,399,361,362,364,185,31
2024.1.1,6,2618,Jeungsan(Myongji Univ.),boarding,115,187,186,255,299,315,308,370,370,403,354,306,288,206,175,131,93,84,24,0
2024.1.1,6,2618,Jeungsan(Myongji Univ.),alighting,33,120,97,145,150,165,163,237,235,295,334,453,433,386,369,346,293,305,181,19
2024.1.1,6,2619,Digital Media City,boarding,123,188,150,207,308,325,352,345,377,381,371,375,323,275,185,159,126,108,59,3
2024.1.1,6,2619,Digital Media City,alighting,60,208,136,230,200,203,241,256,275,301,360,381,451,436,345,327,303,282,201,64
2024.1.1,6,2620,World Cup Stadium(Seongsan),boarding,13,39,44,850,303,107,185,196,268,352,419,427,365,278,155,114,156,84,31,1
2024.1.1,6,2620,World Cup Stadium(Seongsan),alighting,57,830,351,104,164,221,242,317,353,419,284,242,191,177,93,87,64,37,27,0
2024.1.1,6,2621,Mapo-gu Office,boarding,118,180,146,313,429,424,420,414,453,386,421,396,394,304,228,208,194,130,78,3
2024.1.1,6,2621,Mapo-gu Office,alighting,82,238,125,150,207,156,242,315,321,317,369,411,466,464,353,339,389,344,218,2
2024.1.1,6,2622,Mangwon,boarding,156,186,150,224,321,360,403,506,533,574,635,666,700,528,502,444,384,283,132,1
2024.1.1,6,2622,Mangwon,alighting,37,129,148,213,359,354,492,598,722,769,771,856,772,511,439,333,305,262,173,0
2024.1.1,6,2623,Hapjeong,boarding,317,189,120,247,212,204,323,416,398,464,560,594,592,568,496,537,581,465,206,0
2024.1.1,6,2623,Hapjeong,alighting,72,230,175,167,220,268,300,435,592,538,534,638,619,502,408,248,253,215,138,0
2024.1.1,6,2624,Sangsu,boarding,963,745,387,312,198,193,191,171,231,255,357,367,409,353,400,364,434,480,263,0
2024.1.1,6,2624,Sangsu,alighting,57,92,76,86,123,197,252,382,372,422,463,519,525,543,402,307,289,240,171,0
2024.1.1,6,2625,Gwangheungchang(Seogang),boarding,92,147,98,159,175,192,286,293,293,232,212,249,238,154,140,119,94,69,38,0
2024.1.1,6,2625,Gwangheungchang(Seogang),alighting,29,102,62,150,239,150,135,171,160,186,244,195,252,250,183,204,170,176,104,6
2024.1.1,6,2626,Daeheung(Sogang Univ.),boarding,74,117,96,101,133,161,191,213,220,199,230,194,235,194,127,120,114,95,44,3
2024.1.1,6,2626,Daeheung(Sogang Univ.),alighting,39,87,68,109,154,131,115,202,200,227,231,280,253,258,178,173,196,160,160,6
2024.1.1,6,2627,Gongdeok,boarding,143,193,151,207,289,302,471,456,532,495,465,523,483,434,358,305,315,215,96,2
2024.1.1,6,2627,Gongdeok,alighting,121,190,154,287,300,285,317,342,409,401,414,493,552,420,416,358,324,264,214,79
2024.1.1,6,2628,Hyochang Park ,boarding,57,76,71,114,151,163,172,220,221,202,186,186,194,160,121,74,62,60,29,2
2024.1.1,6,2628,Hyochang Park ,alighting,35,75,76,77,86,77,98,125,163,145,191,225,202,191,127,145,119,121,89,4
2024.1.1,6,2629,Samgakji,boarding,64,60,55,109,98,125,148,198,194,206,239,232,247,242,168,133,155,114,36,1
2024.1.1,6,2629,Samgakji,alighting,40,109,81,93,73,88,121,153,172,153,157,164,194,143,119,114,104,123,80,10
2024.1.1,6,2630,Noksapyeong(Yongsan-gu Office),boarding,171,130,74,86,71,108,126,177,166,182,209,262,216,210,204,207,186,126,74,1
2024.1.1,6,2630,Noksapyeong(Yongsan-gu Office),alighting,31,93,63,73,83,109,119,173,200,217,264,246,201,205,144,102,98,91,57,5
2024.1.1,6,2631,Itaewon,boarding,2311,1422,617,398,307,312,387,418,477,580,513,632,684,724,655,624,554,532,287,0
2024.1.1,6,2631,Itaewon,alighting,110,222,129,161,187,320,357,479,622,595,648,780,711,685,516,490,304,332,193,36
2024.1.1,6,2632,Hangangjin,boarding,83,46,46,72,83,55,114,119,202,250,352,511,1097,441,344,294,235,915,41,0
2024.1.1,6,2632,Hangangjin,alighting,12,146,130,191,156,249,354,554,918,439,530,574,505,559,134,82,59,48,41,34
2024.1.1,6,2633,Beotigogae,boarding,20,30,24,112,62,64,66,79,73,63,71,72,65,51,47,44,24,27,7,2
2024.1.1,6,2633,Beotigogae,alighting,18,162,72,34,22,54,46,44,57,51,70,73,74,67,78,50,60,53,35,2
2024.1.1,6,2634,Yaksu,boarding,36,31,38,46,84,82,83,94,129,102,116,87,111,111,69,72,64,54,19,1
2024.1.1,6,2634,Yaksu,alighting,18,54,42,58,77,61,73,104,102,113,115,132,158,120,72,60,68,51,29,2
2024.1.1,6,2635,Cheonggu,boarding,21,51,57,57,77,91,113,101,92,100,100,105,125,96,79,87,59,52,21,1
2024.1.1,6,2635,Cheonggu,alighting,18,22,46,48,63,52,72,75,104,101,93,108,115,83,72,76,72,68,51,10
2024.1.1,6,2636,Sindang,boarding,95,88,68,90,111,86,146,196,222,209,270,309,565,286,217,238,233,392,78,0
2024.1.1,6,2636,Sindang,alighting,16,122,73,100,98,136,187,314,343,197,210,316,303,338,206,134,133,116,87,5
2024.1.1,6,2637,Dongmyo,boarding,122,81,83,125,158,180,241,294,405,635,604,610,429,246,192,143,98,79,42,0
2024.1.1,6,2637,Dongmyo,alighting,34,74,86,86,147,254,285,359,481,517,384,282,262,215,197,196,214,178,131,15
2024.1.1,6,2638,Changsin,boarding,45,48,50,95,87,109,95,94,109,86,92,69,62,67,37,55,41,21,4,0
2024.1.1,6,2638,Changsin,alighting,16,75,36,30,37,48,59,64,84,70,90,137,91,99,76,83,92,84,42,4
2024.1.1,6,2639,Bomun,boarding,71,105,86,138,184,192,172,217,244,230,231,226,218,173,132,152,126,110,49,0
2024.1.1,6,2639,Bomun,alighting,39,135,55,83,106,103,108,185,185,160,235,292,255,326,204,206,255,195,184,20
2024.1.1,6,2640,Anam(Korea Univ. Hospital),boarding,70,70,100,115,120,122,182,223,246,321,312,318,309,251,198,200,159,186,110,0
2024.1.1,6,2640,Anam(Korea Univ. Hospital),alighting,31,174,114,120,163,180,144,272,293,298,291,295,344,312,320,312,352,272,185,53
2024.1.1,6,2641,Korea Univ.(Jongam),boarding,67,108,91,174,181,175,211,215,274,249,264,275,198,166,110,124,102,82,38,0
2024.1.1,6,2641,Korea Univ.(Jongam),alighting,14,175,98,121,112,104,137,161,180,206,196,233,280,281,211,248,190,277,169,3
2024.1.1,6,2642,Wolgok(Dongduk Women's Univ.),boarding,123,124,138,215,239,292,301,366,344,330,314,308,314,264,189,159,111,78,25,0
2024.1.1,6,2642,Wolgok(Dongduk Women's Univ.),alighting,14,120,81,120,147,168,201,217,261,328,293,403,456,309,301,321,293,333,198,7
2024.1.1,6,2643,Sangwolgok(KIST)?,boarding,77,95,76,132,169,190,211,220,216,198,179,168,150,120,73,47,59,28,20,1
2024.1.1,6,2643,Sangwolgok(KIST)?,alighting,11,75,60,57,50,69,90,110,140,131,175,210,248,207,178,166,149,168,98,3
2024.1.1,6,2644,Dolgoji,boarding,215,170,161,221,223,310,276,443,525,397,388,381,575,267,165,107,124,79,23,2
2024.1.1,6,2644,Dolgoji,alighting,20,92,95,127,728,359,191,198,210,215,276,250,330,296,229,218,233,202,178,15
2024.1.1,6,2645,Seokgye,boarding,150,208,170,234,296,364,332,403,427,448,396,390,354,245,194,206,156,140,59,0
2024.1.1,6,2645,Seokgye,alighting,47,123,124,129,204,155,231,223,295,315,436,483,514,496,445,370,360,318,216,43
2024.1.1,6,2646,Taereung,boarding,77,75,82,104,134,154,176,181,230,230,199,215,169,171,145,126,88,86,40,1
2024.1.1,6,2646,Taereung,alighting,16,80,68,71,110,82,142,158,177,209,237,250,288,254,181,164,198,183,113,40
2024.1.1,6,2647,Hwarangdae(Seoul Women's Univ.),boarding,89,116,152,202,199,266,303,332,367,336,306,297,259,188,142,126,93,71,18,0
2024.1.1,6,2647,Hwarangdae(Seoul Women's Univ.),alighting,33,131,90,107,150,140,145,170,227,217,212,295,289,333,320,266,251,235,156,18
2024.1.1,6,2648,Bonghwasan(Seoul Medical Center),boarding,59,105,130,201,197,248,266,289,297,243,272,240,217,185,126,106,72,60,28,1
2024.1.1,6,2648,Bonghwasan(Seoul Medical Center),alighting,29,102,102,118,120,134,176,154,177,225,235,332,293,257,254,216,189,188,123,24
2024.1.1,6,2711,Jangam,boarding,29,16,15,23,30,51,49,83,78,90,111,86,80,53,55,29,26,14,2,0
2024.1.1,6,2711,Jangam,alighting,2,8,15,11,40,37,61,57,44,31,40,30,33,32,16,6,14,5,5,0
2024.1.1,8,2712,Dobongsan,boarding,68,99,151,163,177,231,237,268,327,380,410,403,297,177,130,133,65,52,15,2
2024.1.1,7,2712,Dobongsan,alighting,37,232,165,161,361,448,415,392,351,357,297,290,317,292,249,242,216,263,161,37
2024.1.1,7,2713,Suraksan,boarding,177,169,183,246,279,357,381,457,495,499,518,504,422,302,249,217,137,84,40,0
2024.1.1,7,2713,Suraksan,alighting,25,127,119,174,303,365,371,403,394,336,376,443,444,414,326,291,293,273,187,40
2024.1.1,7,2714,Madeul,boarding,181,199,268,253,349,384,459,495,483,427,415,382,306,243,164,153,101,55,25,2
2024.1.1,7,2714,Madeul,alighting,48,71,82,139,227,208,247,248,310,323,435,455,458,398,352,279,317,292,158,37
2024.1.1,7,2715,Nowon,boarding,227,334,246,340,427,486,572,747,697,766,841,869,822,744,598,592,515,524,253,3
2024.1.1,7,2715,Nowon,alighting,96,222,213,379,457,456,665,831,863,959,913,1061,967,916,680,529,461,410,253,18
2024.1.1,7,2716,Junggye,boarding,160,229,217,287,353,355,423,462,430,443,406,401,338,250,204,201,131,100,36,2
2024.1.1,7,2716,Junggye,alighting,54,118,121,142,201,194,186,258,275,303,346,418,446,395,334,326,347,334,202,17
2024.1.1,7,2717,Hagye,boarding,215,202,247,268,350,391,422,519,513,593,565,592,506,453,295,305,236,170,52,1
2024.1.1,7,2717,Hagye,alighting,59,167,169,185,317,268,281,370,399,425,526,555,561,419,403,395,438,392,265,27
2024.1.1,7,2718,Gongneung(Seoul National Univ. of Science & Technology),boarding,149,160,137,202,243,287,324,372,394,443,380,412,395,308,236,207,210,153,69,2
2024.1.1,7,2718,Gongneung(Seoul National Univ. of Science & Technology),alighting,39,132,94,156,170,219,275,309,312,349,395,418,454,482,380,353,351,308,240,22
2024.1.1,7,2719,Taereung,boarding,130,127,88,110,154,193,249,263,295,314,278,325,300,278,217,182,161,113,40,0
2024.1.1,7,2719,Taereung,alighting,34,123,76,118,168,161,154,192,203,225,248,328,289,290,284,219,213,183,161,55
2024.1.1,7,2720,Meokgol,boarding,115,157,117,184,287,275,309,350,350,357,324,318,307,286,174,167,115,93,55,0
2024.1.1,7,2720,Meokgol,alighting,21,123,108,129,160,157,203,227,245,266,340,443,406,377,312,299,291,330,163,8
2024.1.1,7,2721,Junghwa,boarding,151,202,165,228,286,277,288,336,344,332,317,333,309,204,194,161,107,91,43,0
2024.1.1,7,2721,Junghwa,alighting,39,106,102,132,136,151,174,232,239,262,349,351,398,427,276,300,305,299,174,14
2024.1.1,7,2722,Sangbong,boarding,235,293,245,290,362,345,414,455,524,535,581,555,554,483,370,396,383,279,134,0
2024.1.1,7,2722,Sangbong,alighting,45,174,137,221,264,283,317,398,448,475,567,620,639,579,534,448,449,410,251,65
2024.1.1,7,2723,Myeonmok,boarding,186,244,268,378,367,437,409,443,488,449,470,513,442,334,254,207,155,89,58,0
2024.1.1,7,2723,Myeonmok,alighting,32,162,132,154,202,226,295,345,290,421,457,549,559,544,428,413,470,393,211,22
2024.1.1,7,2724,Sagajeong,boarding,159,217,262,349,477,478,456,584,591,612,544,535,413,403,354,251,240,176,86,1
2024.1.1,7,2724,Sagajeong,alighting,62,338,140,180,237,285,318,389,421,482,484,595,570,684,476,437,516,404,215,35
2024.1.1,7,2725,Yongmasan(Yongma Falls Park),boarding,75,113,103,202,206,188,209,208,209,200,177,193,192,129,80,72,52,41,15,0
2024.1.1,7,2725,Yongmasan(Yongma Falls Park),alighting,38,284,75,90,111,141,126,162,172,155,199,239,241,226,175,165,174,182,126,7
2024.1.1,7,2726,Junggok,boarding,80,131,131,235,328,318,322,333,355,357,295,310,286,226,199,166,94,82,45,4
2024.1.1,7,2726,Junggok,alighting,30,124,111,128,132,184,164,236,288,263,327,347,407,425,289,270,285,235,157,7
2024.1.1,7,2727,Gunja(Neung-dong),boarding,127,173,200,297,351,429,383,469,463,454,460,511,491,420,346,274,276,210,112,6
2024.1.1,7,2727,Gunja(Neung-dong),alighting,27,125,105,167,147,179,236,250,324,357,436,458,491,475,384,346,418,278,163,25
2024.1.1,7,2728,Children's Grand Park(Sejong Univ.),boarding,105,153,180,189,263,291,309,413,422,416,507,533,447,350,313,242,241,252,87,0
2024.1.1,7,2728,Children's Grand Park(Sejong Univ.),alighting,17,151,150,192,193,328,353,382,427,512,497,419,465,435,343,365,399,334,247,18
2024.1.1,7,2729,Konkuk Univ.,boarding,263,208,162,122,168,203,281,285,323,449,526,605,601,536,433,486,515,373,180,0
2024.1.1,7,2729,Konkuk Univ.,alighting,41,132,150,292,258,311,358,409,613,666,635,585,649,536,408,277,305,208,174,79
2024.1.1,7,2730,Ttukseom Park,boarding,129,177,173,699,248,263,250,311,420,463,649,642,528,275,252,160,173,143,43,0
2024.1.1,7,2730,Ttukseom Park,alighting,14,223,600,183,194,259,282,433,571,612,516,383,315,313,242,223,239,174,92,15
2024.1.1,7,2731,Cheongdam,boarding,62,153,141,602,297,202,211,279,279,333,307,310,345,340,253,227,263,241,62,0
2024.1.1,7,2731,Cheongdam,alighting,64,506,672,366,345,294,258,308,280,245,269,285,311,207,176,196,167,134,83,50
2024.1.1,7,2732,Gangnam-gu Office,boarding,70,124,84,98,93,122,135,162,199,226,224,260,239,204,163,236,264,192,69,0
2024.1.1,7,2732,Gangnam-gu Office,alighting,19,148,113,215,335,229,205,194,203,220,236,224,261,208,183,149,134,109,65,8
2024.1.1,7,2733,Hak-dong,boarding,71,121,124,91,112,168,152,196,247,232,236,285,303,271,188,199,244,179,75,0
2024.1.1,7,2733,Hak-dong,alighting,25,235,143,288,293,320,202,204,230,224,195,260,220,198,150,168,155,133,92,9
2024.1.1,7,2734,Nonhyeon,boarding,161,175,127,131,162,175,173,221,175,272,270,359,330,355,271,336,377,302,152,0
2024.1.1,7,2734,Nonhyeon,alighting,12,138,159,291,293,253,242,215,324,311,321,361,381,286,211,208,200,168,106,12
2024.1.1,7,2735,Banpo,boarding,26,66,44,48,68,78,123,130,145,172,216,231,218,216,185,185,216,114,60,0
2024.1.1,7,2735,Banpo,alighting,13,100,87,157,269,154,197,152,144,186,173,166,195,175,95,96,78,56,67,0
2024.1.1,7,2736,Express Bus Terminal,boarding,50,71,150,237,227,378,551,552,812,940,1232,1363,1401,1495,1541,1797,1348,822,337,0
2024.1.1,7,2736,Express Bus Terminal,alighting,69,347,226,269,338,392,429,491,585,588,507,533,455,367,282,223,219,98,57,0
2024.1.1,7,2737,Naebang,boarding,61,145,111,131,197,301,241,256,261,279,304,276,310,242,186,161,164,127,50,1
2024.1.1,7,2737,Naebang,alighting,22,139,126,255,223,149,177,202,212,241,283,286,359,309,239,212,208,174,103,63
2024.1.1,7,2738,Isu,boarding,187,174,124,229,214,277,365,395,416,491,434,483,473,418,382,387,396,323,159,2
2024.1.1,7,2738,Isu,alighting,37,116,92,195,260,250,321,324,424,470,555,580,549,492,437,380,305,247,167,17
2024.1.1,7,2739,Namseong,boarding,100,180,200,252,292,313,341,355,354,348,324,258,238,208,150,137,135,98,37,0
2024.1.1,7,2739,Namseong,alighting,28,104,91,154,153,169,207,255,251,313,349,407,419,409,336,397,313,308,187,8
2024.1.1,7,2740,Soongsil Univ.(Salpijae),boarding,125,116,131,195,259,321,334,316,395,379,351,336,278,252,150,169,134,121,59,0
2024.1.1,7,2740,Soongsil Univ.(Salpijae),alighting,35,159,99,107,166,140,178,235,271,303,364,441,485,444,438,384,398,361,261,5
2024.1.1,7,2741,Sangdo,boarding,117,117,116,178,249,284,293,405,327,337,341,324,308,218,191,142,158,141,57,0
2024.1.1,7,2741,Sangdo,alighting,38,122,106,135,154,187,182,200,251,300,347,381,383,402,348,325,337,272,244,1
2024.1.1,7,2742,Jangseungbaegi,boarding,95,95,109,179,221,209,302,256,293,237,258,222,227,210,157,141,103,98,41,0
2024.1.1,7,2742,Jangseungbaegi,alighting,15,95,102,96,138,177,167,204,214,225,302,318,316,263,223,265,275,183,153,8
2024.1.1,7,2743,Sindaebangsamgeori,boarding,181,160,210,285,374,378,399,466,503,504,460,472,386,313,264,207,219,149,76,0
2024.1.1,7,2743,Sindaebangsamgeori,alighting,23,135,147,180,242,209,267,415,433,387,482,626,570,524,459,456,493,378,251,22
2024.1.1,7,2744,Boramae,boarding,71,67,75,120,132,133,173,224,209,196,197,176,177,164,164,109,87,61,32,0
2024.1.1,7,2744,Boramae,alighting,21,64,39,69,112,109,181,146,184,204,217,227,223,248,194,178,215,183,100,16
2024.1.1,7,2745,Sinpung,boarding,161,138,173,287,308,343,326,385,378,352,372,326,282,237,179,136,125,71,52,2
2024.1.1,7,2745,Sinpung,alighting,32,111,110,154,190,239,231,226,276,297,353,357,359,329,291,281,300,258,142,29
2024.1.1,7,2746,Daerim (Guro-gu Office),boarding,126,153,182,275,362,409,436,475,578,837,744,602,650,540,450,325,246,161,83,0
2024.1.1,7,2746,Daerim (Guro-gu Office),alighting,22,94,80,163,296,592,1012,650,516,520,458,516,498,401,270,240,308,240,125,0
2024.1.1,7,2747,Namguro,boarding,128,198,213,380,412,396,405,415,440,457,413,424,362,389,367,233,172,131,76,0
2024.1.1,7,2747,Namguro,alighting,27,121,106,157,233,355,479,404,390,415,458,446,407,392,328,352,413,302,130,21
2024.1.1,7,2748,Gasan Digital Complex,boarding,111,126,150,171,245,246,368,478,569,699,841,796,828,722,565,453,504,228,83,1
2024.1.1,7,2748,Gasan Digital Complex,alighting,36,128,138,237,390,481,701,714,782,800,770,689,567,478,328,336,276,225,154,22
2024.1.1,7,2749,Cheolsan,boarding,170,232,249,319,450,495,558,713,645,679,579,613,518,427,377,337,379,276,137,0
2024.1.1,7,2749,Cheolsan,alighting,79,184,169,257,375,320,375,451,537,457,572,668,797,674,580,516,513,396,280,30
2024.1.1,7,2750,Gwangmyeongsageori,boarding,214,199,269,404,490,580,679,774,832,863,917,839,711,615,484,380,304,180,78,1
2024.1.1,7,2750,Gwangmyeongsageori,alighting,73,187,187,237,421,451,579,734,806,818,825,801,825,708,562,527,462,388,267,30
2024.1.1,7,2751,Cheonwang,boarding,95,99,139,239,317,283,314,341,353,303,305,312,257,242,166,123,90,71,27,0
2024.1.1,7,2751,Cheonwang,alighting,32,125,108,121,122,108,161,215,262,284,365,318,361,397,317,298,279,243,153,14
2024.1.1,7,2752,Onsu(Sungkonghoe Univ.),boarding,94,89,104,170,206,234,239,250,330,232,213,190,194,134,130,90,88,64,36,1
2024.1.1,7,2752,Onsu(Sungkonghoe Univ.),alighting,21,62,60,109,167,123,126,152,154,178,261,247,261,302,223,186,196,203,154,87
2024.1.1,7,2811,Amsa,boarding,228,365,324,390,481,513,539,601,669,558,553,497,419,343,250,229,194,107,40,0
2024.1.1,7,2811,Amsa,alighting,27,134,117,276,303,263,305,320,442,512,551,618,634,596,556,530,468,448,258,33
2024.1.1,8,2812,Cheonho(Pungnaptoseong),boarding,139,221,219,337,372,360,419,486,502,470,568,533,464,437,373,301,285,177,96,0
2024.1.1,8,2812,Cheonho(Pungnaptoseong),alighting,29,186,133,180,239,248,387,370,536,637,609,659,725,706,544,531,499,367,188,30
2024.1.1,8,2813,Gangdong-gu Office,boarding,78,135,137,183,217,229,270,324,313,314,263,295,273,211,162,159,98,57,28,0
2024.1.1,8,2813,Gangdong-gu Office,alighting,32,97,82,112,132,130,162,225,252,255,298,387,337,398,302,203,246,213,115,12
2024.1.1,8,2814,Mongchontoseong(World Peace Gate),boarding,93,96,82,799,252,210,243,305,256,301,264,244,229,201,154,167,138,101,51,0
2024.1.1,8,2814,Mongchontoseong(World Peace Gate),alighting,56,557,728,87,151,171,173,206,251,202,229,261,264,214,194,179,139,131,81,0
2024.1.1,8,2815,Jamsil (Songpa-gu Office),boarding,181,151,91,109,150,198,320,407,531,762,965,1030,1119,1163,940,916,857,508,173,0
2024.1.1,8,2815,Jamsil (Songpa-gu Office),alighting,60,116,198,418,531,706,839,1051,1242,1101,1057,982,854,604,399,256,161,118,83,15
2024.1.1,8,2816,Seokchon,boarding,58,102,94,116,149,157,186,226,249,299,266,221,264,255,208,206,178,124,56,0
2024.1.1,8,2816,Seokchon,alighting,15,85,66,147,199,215,274,364,268,365,379,370,442,333,239,195,221,159,88,13
2024.1.1,8,2817,Songpa,boarding,55,136,157,121,195,265,256,286,314,292,283,268,222,204,129,127,93,75,35,0
2024.1.1,8,2817,Songpa,alighting,13,84,58,159,164,147,135,172,220,215,301,361,323,315,284,217,213,184,98,10
2024.1.1,8,2818,Garak Market,boarding,61,112,67,70,107,134,167,172,199,218,254,185,188,189,151,142,149,109,42,2
2024.1.1,8,2818,Garak Market,alighting,32,77,114,211,182,159,174,213,207,213,239,287,229,216,169,143,127,81,45,34
2024.1.1,8,2819,Munjeong,boarding,76,156,119,129,152,205,246,252,274,291,316,299,292,254,211,197,200,141,53,2
2024.1.1,8,2819,Munjeong,alighting,38,100,114,163,245,215,207,236,252,264,331,354,334,367,301,267,238,216,131,2
2024.1.1,8,2820,Jangji,boarding,94,256,144,188,263,293,352,474,504,530,650,741,785,645,486,558,426,210,70,0
2024.1.1,8,2820,Jangji,alighting,63,167,315,393,473,408,465,481,521,545,744,616,598,593,310,284,313,253,135,0
2024.1.1,8,2821,Bokjeong,boarding,94,102,111,137,125,169,186,217,224,202,267,235,247,183,127,141,120,72,32,0
2024.1.1,8,2821,Bokjeong,alighting,34,125,86,102,124,119,122,105,142,146,231,213,287,222,167,168,200,175,64,15
2024.1.1,8,2822,Sanseong,boarding,81,88,71,154,225,255,226,233,239,267,271,243,221,138,106,83,48,19,13,1
2024.1.1,8,2822,Sanseong,alighting,45,113,49,75,119,124,123,188,131,159,205,196,214,252,210,234,202,171,94,10
2024.1.1,8,2823,Namhansanseong(Seongnam Court & Prosecutors' Office),boarding,141,178,190,311,383,369,398,465,474,389,414,374,358,255,162,158,95,67,24,0
2024.1.1,8,2823,Namhansanseong(Seongnam Court & Prosecutors' Office),alighting,120,229,122,93,161,165,199,245,256,277,364,454,413,463,360,367,390,334,204,30
2024.1.1,8,2824,Dandaeogeori,boarding,168,159,185,245,316,333,371,406,445,410,397,304,276,257,204,163,134,82,27,5
2024.1.1,8,2824,Dandaeogeori,alighting,63,155,90,134,171,145,191,276,228,287,371,408,474,422,387,399,365,299,183,28
2024.1.1,8,2825,Sinheung,boarding,50,78,73,111,150,129,143,211,197,202,224,252,260,164,119,96,93,55,20,0
2024.1.1,8,2825,Sinheung,alighting,13,56,59,64,91,96,144,189,227,230,244,245,230,214,194,175,165,170,81,6
2024.1.1,8,2826,Sujin,boarding,90,97,93,157,173,137,158,214,169,199,192,184,160,115,105,63,56,33,18,0
2024.1.1,8,2826,Sujin,alighting,11,46,57,51,75,98,86,114,158,178,151,219,173,176,151,152,169,142,71,7
2024.1.1,8,2827,Moran,boarding,140,85,67,65,107,91,148,188,218,205,214,253,197,136,123,125,125,106,53,1
2024.1.1,8,2827,Moran,alighting,12,63,57,55,100,84,120,132,161,125,188,165,213,180,143,85,110,67,67,14
2024.1.1,8,2828,Namwirye ,boarding,37,74,70,73,117,138,139,203,187,190,231,225,173,153,115,108,122,79,42,0
2024.1.1,8,2828,Namwirye ,alighting,34,82,59,93,90,117,132,121,170,212,216,255,222,213,150,158,112,123,91,8